#
# There is insufficient memory for the Java Runtime Environment to continue.
# Native memory allocation (mmap) failed to map 65536 bytes. Error detail: Failed to commit metaspace.
# Possible reasons:
#   The system is out of physical RAM or swap space
#   This process is running with CompressedOops enabled, and the Java Heap may be blocking the growth of the native heap
# Possible solutions:
#   Reduce memory load on the system
#   Increase physical memory or swap space
#   Check if swap backing store is full
#   Decrease Java heap size (-Xmx/-Xms)
#   Decrease number of Java threads
#   Decrease Java thread stack sizes (-Xss)
#   Set larger code cache with -XX:ReservedCodeCacheSize=
#   JVM is running with Zero Based Compressed Oops mode in which the Java heap is
#     placed in the first 32GB address space. The Java Heap base address is the
#     maximum limit for the native heap growth. Please use -XX:HeapBaseMinAddress
#     to set the Java Heap base and to place the Java Heap above 32GB virtual address.
# This output file may be truncated or incomplete.
#
#  Out of Memory Error (virtualSpaceNode.cpp:113), pid=21548, tid=31000
#
# JRE version: OpenJDK Runtime Environment Microsoft-11369940 (21.0.7+6) (build 21.0.7+6-LTS)
# Java VM: OpenJDK 64-Bit Server VM Microsoft-11369940 (21.0.7+6-LTS, mixed mode, emulated-client, sharing, tiered, compressed oops, compressed class ptrs, g1 gc, windows-amd64)
# No core dump will be written. Minidumps are not enabled by default on client versions of Windows
#

---------------  S U M M A R Y ------------

Command Line: -XX:TieredStopAtLevel=1 -Dspring.output.ansi.enabled=always -Dcom.sun.management.jmxremote -Dspring.jmx.enabled=true -Dspring.liveBeansView.mbeanDomain -Dspring.application.admin.enabled=true -Dmanagement.endpoints.jmx.exposure.include=* -javaagent:C:\Program Files\JetBrains\IntelliJ IDEA 2026.2.1\lib\idea_rt.jar=62057 -Dfile.encoding=UTF-8 -Dsun.stdout.encoding=UTF-8 -Dsun.stderr.encoding=UTF-8 br.com.cinecrew.cinecrew.CineCrewApplication

Host: Intel(R) Core(TM) i5-9400F CPU @ 2.90GHz, 6 cores, 15G,  Windows 11 , 64 bit Build 26100 (10.0.26100.9278)
Time: Wed Sep 16 15:18:41 2026 E. South America Standard Time elapsed time: 118.815076 seconds (0d 0h 1m 58s)

---------------  T H R E A D  ---------------

Current thread (0x00000180a2cddba0):  JavaThread "reactor-http-nio-2" daemon [_thread_in_vm, id=31000, stack(0x0000002b0b500000,0x0000002b0b600000) (1024K)]

Stack: [0x0000002b0b500000,0x0000002b0b600000]
Native frames: (J=compiled Java code, j=interpreted, Vv=VM code, C=native code)
V  [jvm.dll+0x6d4bb9]
V  [jvm.dll+0x8afa11]
V  [jvm.dll+0x8b1f3e]
V  [jvm.dll+0x8b2623]
V  [jvm.dll+0x280816]
V  [jvm.dll+0x8ab74e]
V  [jvm.dll+0x676ed5]
V  [jvm.dll+0x1e4d1b]
V  [jvm.dll+0x1e4ade]
V  [jvm.dll+0x6797c2]
V  [jvm.dll+0x6795f2]
V  [jvm.dll+0x67788e]
V  [jvm.dll+0x2163de]
V  [jvm.dll+0x216e3c]
V  [jvm.dll+0x20c1de]
V  [jvm.dll+0x5b49ea]
V  [jvm.dll+0x828a1d]
V  [jvm.dll+0x478442]
V  [jvm.dll+0x48b7f6]
C  [java.dll+0x1657]

Java frames: (J=compiled Java code, j=interpreted, Vv=VM code)
J 1163  java.lang.ClassLoader.defineClass0(Ljava/lang/ClassLoader;Ljava/lang/Class;Ljava/lang/String;[BIILjava/security/ProtectionDomain;ZILjava/lang/Object;)Ljava/lang/Class; java.base@21.0.7 (0 bytes) @ 0x0000018049258a3c [0x0000018049258940+0x00000000000000fc]
J 1632 c1 java.lang.System$2.defineClass(Ljava/lang/ClassLoader;Ljava/lang/Class;Ljava/lang/String;[BLjava/security/ProtectionDomain;ZILjava/lang/Object;)Ljava/lang/Class; java.base@21.0.7 (21 bytes) @ 0x000001804931603c [0x0000018049315fc0+0x000000000000007c]
J 1943 c1 java.lang.invoke.MethodHandles$Lookup$ClassDefiner.defineClass(ZLjava/lang/Object;)Ljava/lang/Class; java.base@21.0.7 (213 bytes) @ 0x000001804939ccb4 [0x000001804939caa0+0x0000000000000214]
J 8229 c1 java.lang.invoke.InnerClassLambdaMetafactory.generateInnerClass()Ljava/lang/Class; java.base@21.0.7 (506 bytes) @ 0x0000018049421754 [0x0000018049420ac0+0x0000000000000c94]
J 2412 c1 java.lang.invoke.InnerClassLambdaMetafactory.spinInnerClass()Ljava/lang/Class; java.base@21.0.7 (118 bytes) @ 0x000001804943d99c [0x000001804943d8c0+0x00000000000000dc]
J 2411 c1 java.lang.invoke.InnerClassLambdaMetafactory.buildCallSite()Ljava/lang/invoke/CallSite; java.base@21.0.7 (150 bytes) @ 0x000001804943e3d4 [0x000001804943e380+0x0000000000000054]
J 1957 c1 java.lang.invoke.LambdaMetafactory.metafactory(Ljava/lang/invoke/MethodHandles$Lookup;Ljava/lang/String;Ljava/lang/invoke/MethodType;Ljava/lang/invoke/MethodType;Ljava/lang/invoke/MethodHandle;Ljava/lang/invoke/MethodType;)Ljava/lang/invoke/CallSite; java.base@21.0.7 (71 bytes) @ 0x00000180493abc04 [0x00000180493abaa0+0x0000000000000164]
J 2430 c1 java.lang.invoke.LambdaForm$DMH+0x0000018055104000.invokeStatic(Ljava/lang/Object;Ljava/lang/Object;Ljava/lang/Object;Ljava/lang/Object;Ljava/lang/Object;Ljava/lang/Object;Ljava/lang/Object;)Ljava/lang/Object; java.base@21.0.7 (31 bytes) @ 0x0000018049447c94 [0x0000018049447c40+0x0000000000000054]
J 1778 c1 java.lang.invoke.BootstrapMethodInvoker.invoke(Ljava/lang/Class;Ljava/lang/invoke/MethodHandle;Ljava/lang/String;Ljava/lang/Object;Ljava/lang/Object;Ljava/lang/Class;)Ljava/lang/Object; java.base@21.0.7 (974 bytes) @ 0x000001804935eb9c [0x000001804935d520+0x000000000000167c]
J 1777 c1 java.lang.invoke.CallSite.makeSite(Ljava/lang/invoke/MethodHandle;Ljava/lang/String;Ljava/lang/invoke/MethodType;Ljava/lang/Object;Ljava/lang/Class;)Ljava/lang/invoke/CallSite; java.base@21.0.7 (91 bytes) @ 0x000001804935b014 [0x000001804935afc0+0x0000000000000054]
J 1776 c1 java.lang.invoke.MethodHandleNatives.linkCallSiteImpl(Ljava/lang/Class;Ljava/lang/invoke/MethodHandle;Ljava/lang/String;Ljava/lang/invoke/MethodType;Ljava/lang/Object;[Ljava/lang/Object;)Ljava/lang/invoke/MemberName; java.base@21.0.7 (119 bytes) @ 0x0000018049359c44 [0x0000018049359c00+0x0000000000000044]
J 1775 c1 java.lang.invoke.MethodHandleNatives.linkCallSite(Ljava/lang/Object;Ljava/lang/Object;Ljava/lang/Object;Ljava/lang/Object;Ljava/lang/Object;[Ljava/lang/Object;)Ljava/lang/invoke/MemberName; java.base@21.0.7 (65 bytes) @ 0x000001804935980c [0x00000180493596e0+0x000000000000012c]
v  ~StubRoutines::call_stub 0x0000018048e7100d
j  sun.security.ec.XDHKeyFactory.generatePublicImpl(Ljava/security/spec/KeySpec;)Ljava/security/PublicKey;+51 jdk.crypto.ec@21.0.7
j  sun.security.ec.XDHKeyFactory.engineGeneratePublic(Ljava/security/spec/KeySpec;)Ljava/security/PublicKey;+2 jdk.crypto.ec@21.0.7
j  java.security.KeyFactory.generatePublic(Ljava/security/spec/KeySpec;)Ljava/security/PublicKey;+25 java.base@21.0.7
j  sun.security.ssl.XDHKeyExchange$XDHECredentials.valueOf(Lsun/security/ssl/NamedGroup;[B)Lsun/security/ssl/XDHKeyExchange$XDHECredentials;+87 java.base@21.0.7
j  sun.security.ssl.NamedGroup$XDHScheme.decodeCredentials(Lsun/security/ssl/NamedGroup;[B)Lsun/security/ssl/SSLCredentials;+2 java.base@21.0.7
j  sun.security.ssl.NamedGroup$NamedGroupSpec.decodeCredentials(Lsun/security/ssl/NamedGroup;[B)Lsun/security/ssl/SSLCredentials;+13 java.base@21.0.7
j  sun.security.ssl.NamedGroup.decodeCredentials([B)Lsun/security/ssl/SSLCredentials;+6 java.base@21.0.7
j  sun.security.ssl.KeyShareExtension$SHKeyShareConsumer.consume(Lsun/security/ssl/ConnectionContext;Lsun/security/ssl/SSLHandshake$HandshakeMessage;Ljava/nio/ByteBuffer;)V+216 java.base@21.0.7
j  sun.security.ssl.SSLExtension.consumeOnLoad(Lsun/security/ssl/ConnectionContext;Lsun/security/ssl/SSLHandshake$HandshakeMessage;Ljava/nio/ByteBuffer;)V+14 java.base@21.0.7
j  sun.security.ssl.SSLExtensions.consumeOnLoad(Lsun/security/ssl/HandshakeContext;[Lsun/security/ssl/SSLExtension;)V+253 java.base@21.0.7
j  sun.security.ssl.ServerHello$T13ServerHelloConsumer.consume(Lsun/security/ssl/ConnectionContext;Lsun/security/ssl/SSLHandshake$HandshakeMessage;)V+88 java.base@21.0.7
j  sun.security.ssl.ServerHello$ServerHelloConsumer.onServerHello(Lsun/security/ssl/ClientHandshakeContext;Lsun/security/ssl/ServerHello$ServerHelloMessage;)V+291 java.base@21.0.7
j  sun.security.ssl.ServerHello$ServerHelloConsumer.consume(Lsun/security/ssl/ConnectionContext;Ljava/nio/ByteBuffer;)V+136 java.base@21.0.7
j  sun.security.ssl.SSLHandshake.consume(Lsun/security/ssl/ConnectionContext;Ljava/nio/ByteBuffer;)V+13 java.base@21.0.7
j  sun.security.ssl.HandshakeContext.dispatch(BLjava/nio/ByteBuffer;)V+90 java.base@21.0.7
j  sun.security.ssl.SSLEngineImpl$DelegatedTask$DelegatedAction.run()Ljava/lang/Void;+60 java.base@21.0.7
j  sun.security.ssl.SSLEngineImpl$DelegatedTask$DelegatedAction.run()Ljava/lang/Object;+1 java.base@21.0.7
J 427 c1 java.security.AccessController.doPrivileged(Ljava/security/PrivilegedExceptionAction;Ljava/security/AccessControlContext;)Ljava/lang/Object; java.base@21.0.7 (26 bytes) @ 0x0000018049140094 [0x0000018049140000+0x0000000000000094]
j  sun.security.ssl.SSLEngineImpl$DelegatedTask.run()V+66 java.base@21.0.7
j  io.netty.handler.ssl.SslHandler.runDelegatedTasks(Z)Z+137
j  io.netty.handler.ssl.SslHandler.unwrap(Lio/netty/channel/ChannelHandlerContext;Lio/netty/buffer/ByteBuf;I)I+292
j  io.netty.handler.ssl.SslHandler.decodeJdkCompatible(Lio/netty/channel/ChannelHandlerContext;Lio/netty/buffer/ByteBuf;)V+142
j  io.netty.handler.ssl.SslHandler.decode(Lio/netty/channel/ChannelHandlerContext;Lio/netty/buffer/ByteBuf;Ljava/util/List;)V+21
j  io.netty.handler.codec.ByteToMessageDecoder.decodeRemovalReentryProtection(Lio/netty/channel/ChannelHandlerContext;Lio/netty/buffer/ByteBuf;Ljava/util/List;)V+9
j  io.netty.handler.codec.ByteToMessageDecoder.callDecode(Lio/netty/channel/ChannelHandlerContext;Lio/netty/buffer/ByteBuf;Ljava/util/List;)V+55
j  io.netty.handler.codec.ByteToMessageDecoder.channelRead(Lio/netty/channel/ChannelHandlerContext;Ljava/lang/Object;)V+86
j  io.netty.channel.AbstractChannelHandlerContext.fireChannelRead(Ljava/lang/Object;)Lio/netty/channel/ChannelHandlerContext;+96
j  io.netty.channel.DefaultChannelPipeline$HeadContext.channelRead(Lio/netty/channel/ChannelHandlerContext;Ljava/lang/Object;)V+2
j  io.netty.channel.DefaultChannelPipeline.fireChannelRead(Ljava/lang/Object;)Lio/netty/channel/ChannelPipeline;+34
j  io.netty.channel.nio.AbstractNioByteChannel$NioByteUnsafe.read()V+159
j  io.netty.channel.nio.AbstractNioChannel$AbstractNioUnsafe.handle(Lio/netty/channel/IoRegistration;Lio/netty/channel/IoEvent;)V+84
j  io.netty.channel.nio.NioIoHandler$DefaultNioRegistration.handle(I)V+17
j  io.netty.channel.nio.NioIoHandler.processSelectedKey(Ljava/nio/channels/SelectionKey;)V+65
j  io.netty.channel.nio.NioIoHandler.processSelectedKeysOptimized()I+37
j  io.netty.channel.nio.NioIoHandler.processSelectedKeys()I+8
j  io.netty.channel.nio.NioIoHandler.run(Lio/netty/channel/IoHandlerContext;)I+143
j  io.netty.channel.SingleThreadIoEventLoop.runIo()I+29
j  io.netty.channel.SingleThreadIoEventLoop.run()V+31
j  io.netty.util.concurrent.SingleThreadEventExecutor$5.run()V+93
j  io.netty.util.internal.ThreadExecutorMap$2.run()V+12
j  io.netty.util.concurrent.FastThreadLocalRunnable.run()V+4
j  java.lang.Thread.runWith(Ljava/lang/Object;Ljava/lang/Runnable;)V+5 java.base@21.0.7
j  java.lang.Thread.run()V+19 java.base@21.0.7
v  ~StubRoutines::call_stub 0x0000018048e7100d

Compiled method (n/a) 118877 1163     n 0       java.lang.ClassLoader::defineClass0 (native)
 total in heap  [0x0000018049258790,0x0000018049258e20] = 1680
 relocation     [0x00000180492588f0,0x0000018049258928] = 56
 main code      [0x0000018049258940,0x0000018049258e1a] = 1242
 stub code      [0x0000018049258e1a,0x0000018049258e20] = 6

[Constant Pool (empty)]

[MachCode]
[Entry Point]
  # {method} {0x0000018054430ab0} 'defineClass0' '(Ljava/lang/ClassLoader;Ljava/lang/Class;Ljava/lang/String;[BIILjava/security/ProtectionDomain;ZILjava/lang/Object;)Ljava/lang/Class;' in 'java/lang/ClassLoader'
  # parm0:    rdx:rdx   = 'java/lang/ClassLoader'
  # parm1:    r8:r8     = 'java/lang/Class'
  # parm2:    r9:r9     = 'java/lang/String'
  # parm3:    rdi:rdi   = '[B'
  # parm4:    rsi       = int
  # parm5:    rcx       = int
  # parm6:    [sp+0xb0]   = 'java/security/ProtectionDomain'  (sp of caller)
  # parm7:    [sp+0xb8]   = boolean
  # parm8:    [sp+0xc0]   = int
  # parm9:    [sp+0xc8]   = 'java/lang/Object'
  0x0000018049258940: 448b 5208 | 49bb 0000 | 0054 8001 | 0000 4d03 | d349 3bc2 | 0f84 0600 

  0x0000018049258958: ;   {runtime_call ic_miss_stub}
  0x0000018049258958: 0000 e921 | 5ec6 ff90 
[Verified Entry Point]
  0x0000018049258960: 8984 2400 | 80ff ff55 | 488b ec48 | 81ec a000 | 0000 6690 | 4181 7f20 | 1100 0000 

  0x000001804925897c: ;   {runtime_call StubRoutines (final stubs)}
  0x000001804925897c: 7405 e8dd | c3c4 ff48 | 837d 2800 | 488d 4528 | 480f 4445 | 2848 8944 | 2458 4863 | 4520 4889 
  0x000001804925899c: 4424 5048 | 6345 1848 | 8944 2448 | 4883 7d10 | 0048 8d45 | 1048 0f44 | 4510 4889 | 4424 4048 
  0x00000180492589bc: 894c 2438 | 4889 7424 | 3048 897c | 2478 4883 | ff00 488d | 4424 7848 | 0f44 4424 | 7848 8944 
  0x00000180492589dc: 2428 4c89 | 4c24 7049 | 83f9 0048 | 8d44 2470 | 480f 4444 | 2470 4889 | 4424 204c | 8944 2468 
  0x00000180492589fc: 4983 f800 | 4c8d 4c24 | 684c 0f44 | 4c24 6848 | 8954 2460 | 4883 fa00 | 4c8d 4424 | 604c 0f44 
  0x0000018049258a1c: ;   {oop(a 'java/lang/Class'{0x0000000701a777c8} = 'java/lang/ClassLoader')}
  0x0000018049258a1c: 4424 6049 | bec8 77a7 | 0107 0000 | 004c 89b4 | 2490 0000 | 004c 8db4 | 2490 0000 | 0049 8bd6 
  0x0000018049258a3c: ;   {internal_word}
  0x0000018049258a3c: c5f8 7749 | ba3c 8a25 | 4980 0100 | 004d 8997 | a003 0000 | 4989 a798 

  0x0000018049258a54: ;   {external_word}
  0x0000018049258a54: 0300 0049 | ba2f dc20 | 54fc 7f00 | 0041 803a | 000f 844e | 0000 0052 | 4150 4151 

  0x0000018049258a70: ;   {metadata({method} {0x0000018054430ab0} 'defineClass0' '(Ljava/lang/ClassLoader;Ljava/lang/Class;Ljava/lang/String;[BIILjava/security/ProtectionDomain;ZILjava/lang/Object;)Ljava/lang/Class;' in 'java/lang/ClassLoader')}
  0x0000018049258a70: 48ba a80a | 4354 8001 | 0000 498b | cf48 83ec | 2040 f6c4 | 0f0f 8419 | 0000 0048 

  0x0000018049258a8c: ;   {runtime_call}
  0x0000018049258a8c: 83ec 0848 | b830 bbca | 53fc 7f00 | 00ff d048 | 83c4 08e9 | 0c00 0000 

  0x0000018049258aa4: ;   {runtime_call}
  0x0000018049258aa4: 48b8 30bb | ca53 fc7f | 0000 ffd0 | 4883 c420 | 4159 4158 | 5a49 8d8f | b803 0000 | 41c7 8744 
  0x0000018049258ac4: 0400 0004 

  0x0000018049258ac8: ;   {runtime_call}
  0x0000018049258ac8: 0000 0048 | b81c 153f | 72fc 7f00 | 00ff d0c5 | f877 41c7 | 8744 0400 | 0005 0000 | 00f0 8344 
  0x0000018049258ae8: 24c0 0049 | 3baf 4804 | 0000 0f87 | 0e00 0000 | 4183 bf40 | 0400 0000 | 0f84 2b00 | 0000 c5f8 
  0x0000018049258b08: 7748 8945 | f849 8bcf | 4c8b e448 | 83ec 2048 

  0x0000018049258b18: ;   {runtime_call}
  0x0000018049258b18: 83e4 f048 | b8f0 2796 | 53fc 7f00 | 00ff d049 | 8be4 4d33 | e448 8b45 | f841 c787 | 4404 0000 
  0x0000018049258b38: 0800 0000 | 4183 bfc0 | 0400 0002 | 0f84 a302 

  0x0000018049258b48: ;   {external_word}
  0x0000018049258b48: 0000 49ba | 2fdc 2054 | fc7f 0000 | 4180 3a00 | 0f84 4c00 | 0000 4889 

  0x0000018049258b60: ;   {metadata({method} {0x0000018054430ab0} 'defineClass0' '(Ljava/lang/ClassLoader;Ljava/lang/Class;Ljava/lang/String;[BIILjava/security/ProtectionDomain;ZILjava/lang/Object;)Ljava/lang/Class;' in 'java/lang/ClassLoader')}
  0x0000018049258b60: 45f8 48ba | a80a 4354 | 8001 0000 | 498b cf48 | 83ec 2040 | f6c4 0f0f | 8419 0000 | 0048 83ec 
  0x0000018049258b80: ;   {runtime_call}
  0x0000018049258b80: 0848 b830 | bbca 53fc | 7f00 00ff | d048 83c4 | 08e9 0c00 

  0x0000018049258b94: ;   {runtime_call}
  0x0000018049258b94: 0000 48b8 | 30bb ca53 | fc7f 0000 | ffd0 4883 | c420 488b | 45f8 49c7 | 8798 0300 | 0000 0000 
  0x0000018049258bb4: 0049 c787 | a003 0000 | 0000 0000 | c5f8 7748 | 85c0 0f84 | fe01 0000 | a803 0f85 | 0800 0000 
  0x0000018049258bd4: 488b 00e9 | ee01 0000 | a801 0f85 | 0900 0000 | 488b 40fe | e9dd 0100 | 0048 8b40 | ff41 807f 
  0x0000018049258bf4: 4000 0f84 | ce01 0000 | 4883 f800 | 0f84 c401 | 0000 498b | 4f28 4883 | f900 0f84 | 1400 0000 
  0x0000018049258c14: 4883 e908 | 4989 4f28 | 4903 4f38 | 4889 01e9 | a201 0000 | 4881 ecd0 | 0000 0048 | 8904 2448 
  0x0000018049258c34: 894c 2408 | 4889 5424 | 1048 8974 | 2418 4889 | 7c24 204c | 8944 2428 | 4c89 4c24 | 304c 8954 
  0x0000018049258c54: 2438 4c89 | 5c24 40c5 | fb11 4424 | 50c5 fb11 | 4c24 58c5 | fb11 5424 | 60c5 fb11 | 5c24 68c5 
  0x0000018049258c74: fb11 6424 | 70c5 fb11 | 6c24 78c5 | fb11 b424 | 8000 0000 | c5fb 11bc | 2488 0000 | 00c5 7b11 
  0x0000018049258c94: ;   {no_reloc}
  0x0000018049258c94: 8424 9000 | 0000 c57b | 118c 2498 | 0000 00c5 | 7b11 9424 | a000 0000 | c57b 119c | 24a8 0000 
  0x0000018049258cb4: 00c5 7b11 | a424 b000 | 0000 c57b | 11ac 24b8 | 0000 00c5 | 7b11 b424 | c000 0000 | c57b 11bc 
  0x0000018049258cd4: 24c8 0000 | 0049 8bd7 | 488b c848 | 83ec 2040 | f6c4 0f0f | 8419 0000 | 0048 83ec 

  0x0000018049258cf0: ;   {runtime_call}
  0x0000018049258cf0: 0848 b8f0 | 6e89 53fc | 7f00 00ff | d048 83c4 | 08e9 0c00 

  0x0000018049258d04: ;   {runtime_call}
  0x0000018049258d04: 0000 48b8 | f06e 8953 | fc7f 0000 | ffd0 4883 | c420 c57b | 10bc 24c8 | 0000 00c5 | 7b10 b424 
  0x0000018049258d24: c000 0000 | c57b 10ac | 24b8 0000 | 00c5 7b10 | a424 b000 | 0000 c57b | 109c 24a8 | 0000 00c5 
  0x0000018049258d44: 7b10 9424 | a000 0000 | c57b 108c | 2498 0000 | 00c5 7b10 | 8424 9000 | 0000 c5fb | 10bc 2488 
  0x0000018049258d64: 0000 00c5 | fb10 b424 | 8000 0000 | c5fb 106c | 2478 c5fb | 1064 2470 | c5fb 105c | 2468 c5fb 
  0x0000018049258d84: 1054 2460 | c5fb 104c | 2458 c5fb | 1044 2450 | 4c8b 5c24 | 404c 8b54 | 2438 4c8b | 4c24 304c 
  0x0000018049258da4: 8b44 2428 | 488b 7c24 | 2048 8b74 | 2418 488b | 5424 1048 | 8b4c 2408 | 488b 0424 | 4881 c4d0 
  0x0000018049258dc4: 0000 00c5 | f877 498b | 8f28 0400 | 00c7 8100 | 0100 0000 | 0000 00c9 | 4983 7f08 | 000f 8501 
  0x0000018049258de4: 0000 00c3 

  0x0000018049258de8: ;   {runtime_call StubRoutines (initial stubs)}
  0x0000018049258de8: e913 81c1 | ffc5 f877 | 4889 45f8 | 4c8b e448 | 83ec 2048 

  0x0000018049258dfc: ;   {runtime_call}
  0x0000018049258dfc: 83e4 f048 | b800 f3ca | 53fc 7f00 | 00ff d049 | 8be4 4d33 | e448 8b45 | f8e9 30fd | ffff f4f4 
  0x0000018049258e1c: f4f4 f4f4 
[/MachCode]


Compiled method (c1) 118893 1632       1       java.lang.System$2::defineClass (21 bytes)
 total in heap  [0x0000018049315e10,0x0000018049316160] = 848
 relocation     [0x0000018049315f70,0x0000018049315fa8] = 56
 main code      [0x0000018049315fc0,0x00000180493160a0] = 224
 stub code      [0x00000180493160a0,0x00000180493160e0] = 64
 metadata       [0x00000180493160e0,0x00000180493160e8] = 8
 scopes data    [0x00000180493160e8,0x0000018049316108] = 32
 scopes pcs     [0x0000018049316108,0x0000018049316148] = 64
 dependencies   [0x0000018049316148,0x0000018049316150] = 8
 nul chk table  [0x0000018049316150,0x0000018049316160] = 16

[Constant Pool (empty)]

[MachCode]
[Entry Point]
  # {method} {0x00000180540191e0} 'defineClass' '(Ljava/lang/ClassLoader;Ljava/lang/Class;Ljava/lang/String;[BLjava/security/ProtectionDomain;ZILjava/lang/Object;)Ljava/lang/Class;' in 'java/lang/System$2'
  # this:     rdx:rdx   = 'java/lang/System$2'
  # parm0:    r8:r8     = 'java/lang/ClassLoader'
  # parm1:    r9:r9     = 'java/lang/Class'
  # parm2:    rdi:rdi   = 'java/lang/String'
  # parm3:    rsi:rsi   = '[B'
  # parm4:    rcx:rcx   = 'java/security/ProtectionDomain'
  # parm5:    [sp+0x70]   = boolean  (sp of caller)
  # parm6:    [sp+0x78]   = int
  # parm7:    [sp+0x80]   = 'java/lang/Object'
  0x0000018049315fc0: 448b 5208 | 49bb 0000 | 0054 8001 | 0000 4d03 | d34c 3bd0 

  0x0000018049315fd4: ;   {runtime_call ic_miss_stub}
  0x0000018049315fd4: 0f85 a687 | baff 660f | 1f44 0000 
[Verified Entry Point]
  0x0000018049315fe0: 8984 2400 | 80ff ff55 | 4883 ec60 | 4181 7f20 | 1100 0000 

  0x0000018049315ff4: ;   {runtime_call StubRoutines (final stubs)}
  0x0000018049315ff4: 7405 e865 | edb8 ff48 | 8bd9 4c8b | ac24 8000 | 0000 448b | 5c24 788b | 4424 708b | 4e0c 498b 
  0x0000018049316014: d04d 8bc1 | 4c8b cf48 | 8bfe be00 | 0000 0048 | 891c 2489 | 4424 0844 | 895c 2410 | 4c89 6c24 
  0x0000018049316034: ;   {static_call}
  0x0000018049316034: 1866 90e8 

  0x0000018049316038: ; ImmutableOopMap {}
                      ;*invokestatic defineClass0 {reexecute=0 rethrow=0 return_oop=0}
                      ; - java.lang.System$2::defineClass@17 (line 2394)
  0x0000018049316038: 2429 f4ff 

  0x000001804931603c: ;   {other}
  0x000001804931603c: 0f1f 8400 | 2c02 0000 | 4883 c460 

  0x0000018049316048: ;   {poll_return}
  0x0000018049316048: 5d49 3ba7 | 4804 0000 | 0f87 0600 

  0x0000018049316054: ;   {runtime_call throw_null_pointer_exception Runtime1 stub}
  0x0000018049316054: 0000 c3e8 

  0x0000018049316058: ; ImmutableOopMap {r8=Oop r9=Oop rdi=Oop rsi=Oop rbx=Oop r13=Oop [128]=Oop }
                      ;*arraylength {reexecute=0 rethrow=0 return_oop=0}
                      ; - java.lang.System$2::defineClass@8 (line 2394)
  0x0000018049316058: a4ba c5ff 

  0x000001804931605c: ;   {internal_word}
  0x000001804931605c: 49ba 4960 | 3149 8001 | 0000 4d89 | 9760 0400 

  0x000001804931606c: ;   {runtime_call SafepointBlob}
  0x000001804931606c: 00e9 8ef6 | baff 498b | 87f8 0400 | 0049 c787 | f804 0000 | 0000 0000 | 49c7 8700 | 0500 0000 
  0x000001804931608c: 0000 0048 | 83c4 605d 

  0x0000018049316094: ;   {runtime_call unwind_exception Runtime1 stub}
  0x0000018049316094: e9e7 9dc5 | fff4 f4f4 | f4f4 f4f4 
[Stub Code]
  0x00000180493160a0: ;   {no_reloc}
  0x00000180493160a0: 48bb 0000 | 0000 0000 

  0x00000180493160a8: ;   {runtime_call nmethod}
  0x00000180493160a8: 0000 e9fb 

  0x00000180493160ac: ;   {runtime_call handle_exception_from_callee Runtime1 stub}
  0x00000180493160ac: ffff ffe8 | ccef c5ff 

  0x00000180493160b4: ;   {external_word}
  0x00000180493160b4: 48b9 d0ef | f653 fc7f | 0000 4883 

  0x00000180493160c0: ;   {runtime_call}
  0x00000180493160c0: e4f0 48b8 | 10ad b953 | fc7f 0000 

  0x00000180493160cc: ;   {section_word}
  0x00000180493160cc: ffd0 f449 | bacf 6031 | 4980 0100 

  0x00000180493160d8: ;   {runtime_call DeoptimizationBlob}
  0x00000180493160d8: 0041 52e9 | c0e8 baff 
[/MachCode]


Compiled method (c1) 118898 1943   !   1       java.lang.invoke.MethodHandles$Lookup$ClassDefiner::defineClass (213 bytes)
 total in heap  [0x000001804939c890,0x000001804939d210] = 2432
 relocation     [0x000001804939c9f0,0x000001804939ca88] = 152
 main code      [0x000001804939caa0,0x000001804939ceb8] = 1048
 stub code      [0x000001804939ceb8,0x000001804939cf30] = 120
 metadata       [0x000001804939cf30,0x000001804939cf78] = 72
 scopes data    [0x000001804939cf78,0x000001804939d078] = 256
 scopes pcs     [0x000001804939d078,0x000001804939d178] = 256
 dependencies   [0x000001804939d178,0x000001804939d188] = 16
 handler table  [0x000001804939d188,0x000001804939d1d0] = 72
 nul chk table  [0x000001804939d1d0,0x000001804939d210] = 64

[Constant Pool (empty)]

[MachCode]
[Entry Point]
  # {method} {0x00000180541eb258} 'defineClass' '(ZLjava/lang/Object;)Ljava/lang/Class;' in 'java/lang/invoke/MethodHandles$Lookup$ClassDefiner'
  # this:     rdx:rdx   = 'java/lang/invoke/MethodHandles$Lookup$ClassDefiner'
  # parm0:    r8        = boolean
  # parm1:    r9:r9     = 'java/lang/Object'
  #           [sp+0xf0]  (sp of caller)
  0x000001804939caa0: 448b 5208 | 49bb 0000 | 0054 8001 | 0000 4d03 | d34c 3bd0 

  0x000001804939cab4: ;   {runtime_call ic_miss_stub}
  0x000001804939cab4: 0f85 c61c | b2ff 660f | 1f44 0000 
[Verified Entry Point]
  0x000001804939cac0: 8984 2400 | 80ff ff55 | 4881 ece0 | 0000 0090 | 4181 7f20 | 1100 0000 

  0x000001804939cad8: ;   {runtime_call StubRoutines (final stubs)}
  0x000001804939cad8: 7405 e881 | 82b0 ff48 | 8994 2498 | 0000 0044 | 8984 24b0 | 0000 004c | 898c 24b8 | 0000 008b 
  0x000001804939caf8: 7210 48c1 | e603 4889 | b424 9000 | 0000 8b7e | 1048 c1e7 | 0348 89bc | 24a8 0000 | 008b 5f34 
  0x000001804939cb18: 48c1 e303 | 4885 db0f | 850a 0000 

  0x000001804939cb24: ;   {oop(nullptr)}
  0x000001804939cb24: 0048 bb00 | 0000 0000 | 0000 0048 | 85db 0f84 | bc00 0000 | 8b46 1848 | c1e0 0348 | 85c0 4889 
  0x000001804939cb44: 9c24 a000 | 0000 0f85 | b600 0000 

  0x000001804939cb50: ;   {oop(a 'java/lang/Class'{0x0000000701d5bb98} = 'jdk/internal/access/SharedSecrets')}
  0x000001804939cb50: 48b8 98bb | d501 0700 | 0000 8b40 | 7c48 c1e0 | 038b 4e10 | 48c1 e103 | 4885 c00f | 842a 0000 
  0x000001804939cb70: ;   {metadata('java/lang/System$2')}
  0x000001804939cb70: 0048 bed8 | 7e01 5480 | 0100 0044 | 8b70 0849 | ba00 0000 | 5480 0100 | 004d 03f2 | 493b 7638 
  0x000001804939cb90: 0f85 6d02 | 0000 e900 | 0000 004c | 8bd8 483b | 0048 3b01 

  0x000001804939cba4: ;   {optimized virtual_call}
  0x000001804939cba4: 488b d1e8 

  0x000001804939cba8: ; ImmutableOopMap {[144]=Oop [152]=Oop [160]=Oop [168]=Oop [184]=Oop }
                      ;*invokevirtual protectionDomain {reexecute=0 rethrow=0 return_oop=0}
                      ; - java.lang.System$2::protectionDomain@1 (line 2518)
                      ; - java.lang.invoke.MethodHandles$Lookup::lookupClassProtectionDomain@17 (line 2544)
                      ; - java.lang.invoke.MethodHandles$Lookup$ClassDefiner::defineClass@23 (line 2501)
  0x000001804939cba8: 94be 0a00 

  0x000001804939cbac: ;   {other}
  0x000001804939cbac: 0f1f 8400 | 1c03 0000 | 450f be47 | 4045 85c0 | 488b b424 | 9000 0000 | 0f85 4802 | 0000 4c8b 
  0x000001804939cbcc: d049 c1ea | 0344 8956 | 18f0 8344 | 24c0 004c | 8bc6 4c33 | c049 c1e8 | 1549 83f8 | 000f 8543 
  0x000001804939cbec: 0200 00e9 | 1200 0000 | 4889 9c24 | a000 0000 

  0x000001804939cbfc: ;   {oop(nullptr)}
  0x000001804939cbfc: 48b8 0000 | 0000 0000 | 0000 488b | 9c24 a000 | 0000 488b | bc24 a800 | 0000 488b | 9424 9800 
  0x000001804939cc1c: ;   {oop(a 'java/lang/Class'{0x0000000701d5bb98} = 'jdk/internal/access/SharedSecrets')}
  0x000001804939cc1c: 0000 49b8 | 98bb d501 | 0700 0000 | 458b 707c | 49c1 e603 | 8b72 1448 | c1e6 038b | 4a18 48c1 
  0x000001804939cc3c: e103 448b | 4a0c 4d85 | f60f 842a 

  0x000001804939cc48: ;   {metadata('java/lang/System$2')}
  0x000001804939cc48: 0000 0049 | bbd8 7e01 | 5480 0100 | 0045 8b6e | 0849 ba00 | 0000 5480 | 0100 004d | 03ea 4d3b 
  0x000001804939cc68: 5d38 0f85 | da01 0000 | e900 0000 | 004d 8bc6 

  0x000001804939cc78: ; implicit exception: dispatches to 0x000001804939ce4f
  0x000001804939cc78: 493b 064c | 8bc3 498b | d14c 8bcf | 488b fe48 | 8bf1 488b | c88b 8424 | b000 0000 | 8904 2489 
  0x000001804939cc98: 5424 0848 | 8b94 24b8 | 0000 0048 | 8954 2410 | 498b d60f 

  0x000001804939ccac: ;   {optimized virtual_call}
  0x000001804939ccac: 1f40 00e8 

  0x000001804939ccb0: ; ImmutableOopMap {[152]=Oop [168]=Oop }
                      ;*invokeinterface defineClass {reexecute=0 rethrow=0 return_oop=0}
                      ; - java.lang.invoke.MethodHandles$Lookup$ClassDefiner::defineClass@57 (line 2505)
  0x000001804939ccb0: 2c93 f7ff 

  0x000001804939ccb4: ;   {other}
  0x000001804939ccb4: 0f1f 8400 | 2404 0001 | 488b 9424 | 9800 0000 | 8b72 1c48 | c1e6 0344 | 0fbe 460c | 4183 e001 
  0x000001804939ccd4: 4585 c00f | 84cf 0000 | 008b 7a14 | 48c1 e703 | 4885 c00f | 848d 0000 | 00e9 4100 | 0000 488b 
  0x000001804939ccf4: 9424 9800 | 0000 498b | 87f8 0400 | 004d 33d2 | 4d89 97f8 | 0400 004d | 33d2 4d89 | 9700 0500 
  0x000001804939cd14: 008b 721c | 48c1 e603 

  0x000001804939cd1c: ; implicit exception: dispatches to 0x000001804939ce59
  0x000001804939cd1c: 440f be46 | 0c41 83e0 | 0145 85c0 | 0f84 c600 | 0000 e98f | 0000 008b | 5218 48c1 | e203 4c8b 
  0x000001804939cd3c: c74c 8bc8 | 488b fa48 | 8bd6 4889 | 8424 c000 

  0x000001804939cd4c: ;   {optimized virtual_call}
  0x000001804939cd4c: 0000 90e8 

  0x000001804939cd50: ; ImmutableOopMap {[192]=Oop }
                      ;*invokevirtual dumpClass {reexecute=0 rethrow=0 return_oop=0}
                      ; - java.lang.invoke.MethodHandles$Lookup$ClassDefiner::defineClass@134 (line 2513)
  0x000001804939cd50: 2c1d b2ff 

  0x000001804939cd54: ;   {other}
  0x000001804939cd54: 0f1f 8400 | c404 0002 | 488b 8424 | c000 0000 | 4881 c4e0 | 0000 005d 

  0x000001804939cd6c: ;   {poll_return}
  0x000001804939cd6c: 493b a748 | 0400 000f | 87e5 0000 | 00c3 4889 | 8424 c000 | 0000 448b | 4a18 49c1 | e103 4c8b 
  0x000001804939cd8c: c748 8bd6 | 0f1f 8000 

  0x000001804939cd94: ;   {optimized virtual_call}
  0x000001804939cd94: 0000 00e8 

  0x000001804939cd98: ; ImmutableOopMap {[192]=Oop }
                      ;*invokevirtual dumpFailedClass {reexecute=0 rethrow=0 return_oop=0}
                      ; - java.lang.invoke.MethodHandles$Lookup$ClassDefiner::defineClass@150 (line 2515)
  0x000001804939cd98: e41c b2ff 

  0x000001804939cd9c: ;   {other}
  0x000001804939cd9c: 0f1f 8400 | 0c05 0003 | 488b 8424 | c000 0000 | 4881 c4e0 | 0000 005d 

  0x000001804939cdb4: ;   {poll_return}
  0x000001804939cdb4: 493b a748 | 0400 000f | 87b3 0000 | 00c3 4889 | 8424 c800 | 0000 448b | 4214 49c1 | e003 448b 
  0x000001804939cdd4: 4a18 49c1 | e103 488b 

  0x000001804939cddc: ;   {optimized virtual_call}
  0x000001804939cddc: d666 90e8 

  0x000001804939cde0: ; ImmutableOopMap {[200]=Oop }
                      ;*invokevirtual dumpFailedClass {reexecute=0 rethrow=0 return_oop=0}
                      ; - java.lang.invoke.MethodHandles$Lookup$ClassDefiner::defineClass@207 (line 2515)
  0x000001804939cde0: 9c1c b2ff 

  0x000001804939cde4: ;   {other}
  0x000001804939cde4: 0f1f 8400 | 5405 0004 | 488b 8424 | c800 0000 | e9ae 0000 

  0x000001804939cdf8: ;   {runtime_call throw_null_pointer_exception Runtime1 stub}
  0x000001804939cdf8: 00e8 024d 

  0x000001804939cdfc: ; ImmutableOopMap {rdx=Oop r9=Oop rsi=Oop [144]=Oop [152]=Oop [184]=Oop }
                      ;*invokevirtual lookupClass {reexecute=0 rethrow=0 return_oop=0}
                      ; - java.lang.invoke.MethodHandles$Lookup$ClassDefiner::defineClass@4 (line 2499)
                      ;   {runtime_call throw_null_pointer_exception Runtime1 stub}
  0x000001804939cdfc: bdff e8fd 

  0x000001804939ce00: ; ImmutableOopMap {rdx=Oop r9=Oop rsi=Oop rdi=Oop [144]=Oop [152]=Oop [168]=Oop [184]=Oop }
                      ;*invokevirtual getClassLoader {reexecute=0 rethrow=0 return_oop=0}
                      ; - java.lang.invoke.MethodHandles$Lookup$ClassDefiner::defineClass@9 (line 2500)
                      ;   {runtime_call throw_incompatible_class_change_error Runtime1 stub}
  0x000001804939ce00: 4cbd ffe8 

  0x000001804939ce04: ; ImmutableOopMap {rax=Oop rcx=Oop [144]=Oop [152]=Oop [160]=Oop [168]=Oop [184]=Oop }
                      ;*invokeinterface protectionDomain {reexecute=0 rethrow=0 return_oop=0}
                      ; - java.lang.invoke.MethodHandles$Lookup::lookupClassProtectionDomain@17 (line 2544)
                      ; - java.lang.invoke.MethodHandles$Lookup$ClassDefiner::defineClass@23 (line 2501)
  0x000001804939ce04: 788b bdff 

  0x000001804939ce08: ;   {runtime_call throw_null_pointer_exception Runtime1 stub}
  0x000001804939ce08: e8f3 4cbd 

  0x000001804939ce0c: ; ImmutableOopMap {rcx=Oop [144]=Oop [152]=Oop [160]=Oop [168]=Oop [184]=Oop }
                      ;*invokeinterface protectionDomain {reexecute=0 rethrow=0 return_oop=0}
                      ; - java.lang.invoke.MethodHandles$Lookup::lookupClassProtectionDomain@17 (line 2544)
                      ; - java.lang.invoke.MethodHandles$Lookup$ClassDefiner::defineClass@23 (line 2501)
                      ;   {runtime_call throw_null_pointer_exception Runtime1 stub}
  0x000001804939ce0c: ffe8 ee4c 

  0x000001804939ce10: ; ImmutableOopMap {rcx=Oop [144]=Oop [152]=Oop [160]=Oop [168]=Oop [184]=Oop }
                      ;*invokevirtual protectionDomain {reexecute=0 rethrow=0 return_oop=0}
                      ; - java.lang.System$2::protectionDomain@1 (line 2518)
                      ; - java.lang.invoke.MethodHandles$Lookup::lookupClassProtectionDomain@17 (line 2544)
                      ; - java.lang.invoke.MethodHandles$Lookup$ClassDefiner::defineClass@23 (line 2501)
  0x000001804939ce10: bdff 448b | 4618 49c1 | e003 4983 | f800 0f84 | a6fd ffff | 4c89 0424 

  0x000001804939ce28: ;   {runtime_call g1_pre_barrier_slow}
  0x000001804939ce28: e853 c6bd | ffe9 98fd | ffff 4883 | f800 0f84 | b3fd ffff | 4889 3424 

  0x000001804939ce40: ;   {runtime_call g1_post_barrier_slow}
  0x000001804939ce40: e83b c9bd | ffe9 a5fd 

  0x000001804939ce48: ;   {runtime_call throw_incompatible_class_change_error Runtime1 stub}
  0x000001804939ce48: ffff e831 

  0x000001804939ce4c: ; ImmutableOopMap {rax=Oop rdi=Oop rbx=Oop r14=Oop rsi=Oop rcx=Oop [152]=Oop [168]=Oop [184]=Oop }
                      ;*invokeinterface defineClass {reexecute=0 rethrow=0 return_oop=0}
                      ; - java.lang.invoke.MethodHandles$Lookup$ClassDefiner::defineClass@57 (line 2505)
                      ;   {runtime_call throw_null_pointer_exception Runtime1 stub}
  0x000001804939ce4c: 8bbd ffe8 

  0x000001804939ce50: ; ImmutableOopMap {rax=Oop rdi=Oop rbx=Oop r14=Oop rsi=Oop rcx=Oop [152]=Oop [168]=Oop [184]=Oop }
                      ;*invokeinterface defineClass {reexecute=0 rethrow=0 return_oop=0}
                      ; - java.lang.invoke.MethodHandles$Lookup$ClassDefiner::defineClass@57 (line 2505)
  0x000001804939ce50: ac4c bdff 

  0x000001804939ce54: ;   {runtime_call throw_null_pointer_exception Runtime1 stub}
  0x000001804939ce54: e8a7 4cbd 

  0x000001804939ce58: ; ImmutableOopMap {rax=Oop rdx=Oop rsi=Oop [152]=Oop }
                      ;*invokevirtual isEnabled {reexecute=0 rethrow=0 return_oop=0}
                      ; - java.lang.invoke.MethodHandles$Lookup$ClassDefiner::defineClass@105 (line 2510)
                      ;   {runtime_call throw_null_pointer_exception Runtime1 stub}
  0x000001804939ce58: ffe8 a24c 

  0x000001804939ce5c: ; ImmutableOopMap {rdx=Oop rax=Oop rsi=Oop [152]=Oop }
                      ;*invokevirtual isEnabled {reexecute=0 rethrow=0 return_oop=0}
                      ; - java.lang.invoke.MethodHandles$Lookup$ClassDefiner::defineClass@162 (line 2510)
                      ;   {internal_word}
  0x000001804939ce5c: bdff 49ba | 6ccd 3949 | 8001 0000 | 4d89 9760 

  0x000001804939ce6c: ;   {runtime_call SafepointBlob}
  0x000001804939ce6c: 0400 00e9 | 8c88 b2ff 

  0x000001804939ce74: ;   {internal_word}
  0x000001804939ce74: 49ba b4cd | 3949 8001 | 0000 4d89 | 9760 0400 

  0x000001804939ce84: ;   {runtime_call SafepointBlob}
  0x000001804939ce84: 00e9 7688 | b2ff 498b | 87f8 0400 | 0049 c787 | f804 0000 | 0000 0000 | 49c7 8700 | 0500 0000 
  0x000001804939cea4: 0000 0048 | 81c4 e000 

  0x000001804939ceac: ;   {runtime_call unwind_exception Runtime1 stub}
  0x000001804939ceac: 0000 5de9 | cc2f bdff | f4f4 f4f4 
[Stub Code]
  0x000001804939ceb8: ;   {no_reloc}
  0x000001804939ceb8: 0f1f 4400 

  0x000001804939cebc: ;   {static_stub}
  0x000001804939cebc: 0048 bb00 | 0000 0000 

  0x000001804939cec4: ;   {runtime_call nmethod}
  0x000001804939cec4: 0000 00e9 | fbff ffff 

  0x000001804939cecc: ;   {static_stub}
  0x000001804939cecc: 48bb 883f | 4654 8001 

  0x000001804939ced4: ;   {runtime_call I2C/C2I adapters}
  0x000001804939ced4: 0000 e988 

  0x000001804939ced8: ;   {static_stub}
  0x000001804939ced8: 65b2 ff48 | bb00 0000 | 0000 0000 

  0x000001804939cee4: ;   {runtime_call nmethod}
  0x000001804939cee4: 00e9 fbff 

  0x000001804939cee8: ;   {static_stub}
  0x000001804939cee8: ffff 48bb | 0000 0000 | 0000 0000 

  0x000001804939cef4: ;   {runtime_call nmethod}
  0x000001804939cef4: e9fb ffff 

  0x000001804939cef8: ;   {runtime_call handle_exception_from_callee Runtime1 stub}
  0x000001804939cef8: ffe8 8281 

  0x000001804939cefc: ;   {external_word}
  0x000001804939cefc: bdff 48b9 | d0ef f653 | fc7f 0000 | 4883 e4f0 

  0x000001804939cf0c: ;   {runtime_call}
  0x000001804939cf0c: 48b8 10ad | b953 fc7f | 0000 ffd0 

  0x000001804939cf18: ;   {section_word}
  0x000001804939cf18: f449 ba19 | cf39 4980 | 0100 0041 

  0x000001804939cf24: ;   {runtime_call DeoptimizationBlob}
  0x000001804939cf24: 52e9 767a | b2ff f4f4 | f4f4 f4f4 
[/MachCode]


---------------  P R O C E S S  ---------------

Threads class SMR info:
_java_thread_list=0x00000180a2f86c20, length=51, elements={
0x0000018053687150, 0x0000018053687d50, 0x000001805368a620, 0x000001805368d510,
0x0000018053690080, 0x0000018053691ae0, 0x0000018053693250, 0x0000018053651da0,
0x00000180996a8be0, 0x00000180996a9650, 0x000001809985f340, 0x00000180998ecaf0,
0x000001809996e6b0, 0x00000180999213d0, 0x000001809991c340, 0x0000018099ff3180,
0x0000018099ff1dd0, 0x0000018099ff1740, 0x0000018099ff2af0, 0x0000018099ff3ea0,
0x000001809c0e9aa0, 0x000001809c0ebb70, 0x000001809c0ec200, 0x000001809c0edc40,
0x000001809c0ecf20, 0x000001809c0ee2d0, 0x000001809c0ec890, 0x000001809c0eb4e0,
0x000001809c0ef680, 0x000001809c0ee960, 0x000001809c0eeff0, 0x000001809c0f03a0,
0x000001809c0f0a30, 0x000001809c0f10c0, 0x00000180a270d4f0, 0x00000180a270e210,
0x00000180a27102e0, 0x00000180a270fc50, 0x00000180a270db80, 0x00000180a270ce60,
0x00000180a2710970, 0x00000180a270ef30, 0x00000180a2711000, 0x00000180a2711690,
0x00000180a2cdbad0, 0x00000180a2cddba0, 0x00000180a2cdc7f0, 0x00000180a2cdb440,
0x00000180a2cda720, 0x00000180a2cdadb0, 0x000001809ce4da10
}

Java Threads: ( => current thread )
  0x0000018053687150 JavaThread "Reference Handler"          daemon [_thread_blocked, id=29320, stack(0x0000002b0bf00000,0x0000002b0c000000) (1024K)]
  0x0000018053687d50 JavaThread "Finalizer"                  daemon [_thread_blocked, id=32408, stack(0x0000002b0c000000,0x0000002b0c100000) (1024K)]
  0x000001805368a620 JavaThread "Signal Dispatcher"          daemon [_thread_blocked, id=6436, stack(0x0000002b0c100000,0x0000002b0c200000) (1024K)]
  0x000001805368d510 JavaThread "Attach Listener"            daemon [_thread_blocked, id=16100, stack(0x0000002b0c200000,0x0000002b0c300000) (1024K)]
  0x0000018053690080 JavaThread "Service Thread"             daemon [_thread_blocked, id=27236, stack(0x0000002b0c300000,0x0000002b0c400000) (1024K)]
  0x0000018053691ae0 JavaThread "Monitor Deflation Thread"   daemon [_thread_blocked, id=34188, stack(0x0000002b0c400000,0x0000002b0c500000) (1024K)]
  0x0000018053693250 JavaThread "C1 CompilerThread0"         daemon [_thread_blocked, id=15940, stack(0x0000002b0c500000,0x0000002b0c600000) (1024K)]
  0x0000018053651da0 JavaThread "Common-Cleaner"             daemon [_thread_blocked, id=1876, stack(0x0000002b0c600000,0x0000002b0c700000) (1024K)]
  0x00000180996a8be0 JavaThread "Monitor Ctrl-Break"         daemon [_thread_in_native, id=36980, stack(0x0000002b0ca00000,0x0000002b0cb00000) (1024K)]
  0x00000180996a9650 JavaThread "Notification Thread"        daemon [_thread_blocked, id=33200, stack(0x0000002b0cb00000,0x0000002b0cc00000) (1024K)]
  0x000001809985f340 JavaThread "RMI TCP Accept-0"           daemon [_thread_in_native, id=1144, stack(0x0000002b0d100000,0x0000002b0d200000) (1024K)]
  0x00000180998ecaf0 JavaThread "RMI TCP Connection(idle)"   daemon [_thread_blocked, id=12956, stack(0x0000002b0d200000,0x0000002b0d300000) (1024K)]
  0x000001809996e6b0 JavaThread "RMI TCP Connection(2)-26.49.6.216" daemon [_thread_in_native, id=6712, stack(0x0000002b0d300000,0x0000002b0d400000) (1024K)]
  0x00000180999213d0 JavaThread "JMX server connection timeout 30" daemon [_thread_blocked, id=24236, stack(0x0000002b0d400000,0x0000002b0d500000) (1024K)]
  0x000001809991c340 JavaThread "RMI Scheduler(0)"           daemon [_thread_blocked, id=35668, stack(0x0000002b0d500000,0x0000002b0d600000) (1024K)]
  0x0000018099ff3180 JavaThread "Catalina-utility-1"                [_thread_blocked, id=14976, stack(0x0000002b0d600000,0x0000002b0d700000) (1024K)]
  0x0000018099ff1dd0 JavaThread "Catalina-utility-2"                [_thread_blocked, id=33892, stack(0x0000002b0d800000,0x0000002b0d900000) (1024K)]
  0x0000018099ff1740 JavaThread "container-0"                       [_thread_blocked, id=2392, stack(0x0000002b0d900000,0x0000002b0da00000) (1024K)]
  0x0000018099ff2af0 JavaThread "Jndi-Dns-address-change-listener" daemon [_thread_in_native, id=10988, stack(0x0000002b0da00000,0x0000002b0db00000) (1024K)]
  0x0000018099ff3ea0 JavaThread "lettuce-timer-3-1"          daemon [_thread_blocked, id=29592, stack(0x0000002b0c800000,0x0000002b0c900000) (1024K)]
  0x000001809c0e9aa0 JavaThread "Cleaner-0"                  daemon [_thread_blocked, id=26240, stack(0x0000002b0dc00000,0x0000002b0dd00000) (1024K)]
  0x000001809c0ebb70 JavaThread "HikariPool-1:housekeeper"   daemon [_thread_blocked, id=21012, stack(0x0000002b0dd00000,0x0000002b0de00000) (1024K)]
  0x000001809c0ec200 JavaThread "Cleaner-1"                  daemon [_thread_blocked, id=31548, stack(0x0000002b0e000000,0x0000002b0e100000) (1024K)]
  0x000001809c0edc40 JavaThread "DefaultSleeper"             daemon [_thread_blocked, id=21268, stack(0x0000002b0e100000,0x0000002b0e200000) (1024K)]
  0x000001809c0ecf20 JavaThread "DefaultSleeper"             daemon [_thread_blocked, id=11808, stack(0x0000002b0e200000,0x0000002b0e300000) (1024K)]
  0x000001809c0ee2d0 JavaThread "boundedElastic-evictor-1"   daemon [_thread_blocked, id=14184, stack(0x0000002b0e300000,0x0000002b0e400000) (1024K)]
  0x000001809c0ec890 JavaThread "DefaultSleeper"             daemon [_thread_blocked, id=34384, stack(0x0000002b0de00000,0x0000002b0df00000) (1024K)]
  0x000001809c0eb4e0 JavaThread "DefaultSleeper"             daemon [_thread_blocked, id=22416, stack(0x0000002b0e400000,0x0000002b0e500000) (1024K)]
  0x000001809c0ef680 JavaThread "DefaultSleeper"             daemon [_thread_blocked, id=6448, stack(0x0000002b0e500000,0x0000002b0e600000) (1024K)]
  0x000001809c0ee960 JavaThread "DefaultSleeper"             daemon [_thread_blocked, id=31316, stack(0x0000002b0e600000,0x0000002b0e700000) (1024K)]
  0x000001809c0eeff0 JavaThread "DefaultSleeper"             daemon [_thread_blocked, id=11348, stack(0x0000002b0e700000,0x0000002b0e800000) (1024K)]
  0x000001809c0f03a0 JavaThread "http-nio-8080-exec-1"       daemon [_thread_blocked, id=6576, stack(0x0000002b0e800000,0x0000002b0e900000) (1024K)]
  0x000001809c0f0a30 JavaThread "http-nio-8080-exec-2"       daemon [_thread_blocked, id=27332, stack(0x0000002b0e900000,0x0000002b0ea00000) (1024K)]
  0x000001809c0f10c0 JavaThread "http-nio-8080-exec-3"       daemon [_thread_blocked, id=7808, stack(0x0000002b0ea00000,0x0000002b0eb00000) (1024K)]
  0x00000180a270d4f0 JavaThread "http-nio-8080-exec-4"       daemon [_thread_blocked, id=10012, stack(0x0000002b0eb00000,0x0000002b0ec00000) (1024K)]
  0x00000180a270e210 JavaThread "http-nio-8080-exec-5"       daemon [_thread_blocked, id=18924, stack(0x0000002b0ec00000,0x0000002b0ed00000) (1024K)]
  0x00000180a27102e0 JavaThread "http-nio-8080-exec-6"       daemon [_thread_blocked, id=328, stack(0x0000002b0ed00000,0x0000002b0ee00000) (1024K)]
  0x00000180a270fc50 JavaThread "http-nio-8080-exec-7"       daemon [_thread_blocked, id=31824, stack(0x0000002b0ee00000,0x0000002b0ef00000) (1024K)]
  0x00000180a270db80 JavaThread "http-nio-8080-exec-8"       daemon [_thread_blocked, id=30484, stack(0x0000002b0ef00000,0x0000002b0f000000) (1024K)]
  0x00000180a270ce60 JavaThread "http-nio-8080-exec-9"       daemon [_thread_blocked, id=7476, stack(0x0000002b0f000000,0x0000002b0f100000) (1024K)]
  0x00000180a2710970 JavaThread "http-nio-8080-exec-10"      daemon [_thread_blocked, id=20364, stack(0x0000002b0f100000,0x0000002b0f200000) (1024K)]
  0x00000180a270ef30 JavaThread "http-nio-8080-Poller"       daemon [_thread_in_native, id=25928, stack(0x0000002b0f200000,0x0000002b0f300000) (1024K)]
  0x00000180a2711000 JavaThread "http-nio-8080-Acceptor"     daemon [_thread_in_native, id=3448, stack(0x0000002b0f300000,0x0000002b0f400000) (1024K)]
  0x00000180a2711690 JavaThread "DestroyJavaVM"                     [_thread_blocked, id=30476, stack(0x0000002b0b700000,0x0000002b0b800000) (1024K)]
  0x00000180a2cdbad0 JavaThread "reactor-http-nio-1"         daemon [_thread_in_native, id=2096, stack(0x0000002b0b400000,0x0000002b0b500000) (1024K)]
=>0x00000180a2cddba0 JavaThread "reactor-http-nio-2"         daemon [_thread_in_vm, id=31000, stack(0x0000002b0b500000,0x0000002b0b600000) (1024K)]
  0x00000180a2cdc7f0 JavaThread "reactor-http-nio-3"         daemon [_thread_in_native, id=19280, stack(0x0000002b0c900000,0x0000002b0ca00000) (1024K)]
  0x00000180a2cdb440 JavaThread "reactor-http-nio-4"         daemon [_thread_in_native, id=17688, stack(0x0000002b0f400000,0x0000002b0f500000) (1024K)]
  0x00000180a2cda720 JavaThread "reactor-http-nio-5"         daemon [_thread_in_native, id=17320, stack(0x0000002b0f500000,0x0000002b0f600000) (1024K)]
  0x00000180a2cdadb0 JavaThread "reactor-http-nio-6"         daemon [_thread_in_native, id=31012, stack(0x0000002b0f600000,0x0000002b0f700000) (1024K)]
  0x000001809ce4da10 JavaThread "C1 CompilerThread1"         daemon [_thread_blocked, id=29520, stack(0x0000002b0f700000,0x0000002b0f800000) (1024K)]
Total: 51

Other Threads:
  0x00000180536636d0 VMThread "VM Thread"                           [id=16148, stack(0x0000002b0be00000,0x0000002b0bf00000) (1024K)]
  0x0000018053650400 WatcherThread "VM Periodic Task Thread"        [id=25128, stack(0x0000002b0bd00000,0x0000002b0be00000) (1024K)]
  0x0000018040811670 WorkerThread "GC Thread#0"                     [id=36176, stack(0x0000002b0b800000,0x0000002b0b900000) (1024K)]
  0x0000018099792fe0 WorkerThread "GC Thread#1"                     [id=15064, stack(0x0000002b0cc00000,0x0000002b0cd00000) (1024K)]
  0x0000018099793380 WorkerThread "GC Thread#2"                     [id=10508, stack(0x0000002b0cd00000,0x0000002b0ce00000) (1024K)]
  0x0000018099795b40 WorkerThread "GC Thread#3"                     [id=2944, stack(0x0000002b0ce00000,0x0000002b0cf00000) (1024K)]
  0x0000018099799ef0 WorkerThread "GC Thread#4"                     [id=15676, stack(0x0000002b0cf00000,0x0000002b0d000000) (1024K)]
  0x000001809979a290 WorkerThread "GC Thread#5"                     [id=10960, stack(0x0000002b0d000000,0x0000002b0d100000) (1024K)]
  0x0000018040823470 ConcurrentGCThread "G1 Main Marker"            [id=20712, stack(0x0000002b0b900000,0x0000002b0ba00000) (1024K)]
  0x0000018040823e80 WorkerThread "G1 Conc#0"                       [id=19192, stack(0x0000002b0ba00000,0x0000002b0bb00000) (1024K)]
  0x000001809a9f66c0 WorkerThread "G1 Conc#1"                       [id=13980, stack(0x0000002b0d700000,0x0000002b0d800000) (1024K)]
  0x000001805350ae20 ConcurrentGCThread "G1 Refine#0"               [id=16612, stack(0x0000002b0bb00000,0x0000002b0bc00000) (1024K)]
  0x000001805350d340 ConcurrentGCThread "G1 Service"                [id=16296, stack(0x0000002b0bc00000,0x0000002b0bd00000) (1024K)]
Total: 13

Threads with active compile tasks:
Total: 0

VM state: not at safepoint (normal execution)

VM Mutex/Monitor currently owned by a thread:  ([mutex/lock_event])
[0x00007ffc54224478] Metaspace_lock - owner thread: 0x00000180a2cddba0

Heap address: 0x0000000701000000, size: 4080 MB, Compressed Oops mode: Zero based, Oop shift amount: 3

CDS archive(s) mapped at: [0x0000018054000000-0x0000018054c80000-0x0000018054c80000), size 13107200, SharedBaseAddress: 0x0000018054000000, ArchiveRelocationMode: 1.
Compressed class space mapped at: 0x0000018055000000-0x0000018095000000, reserved size: 1073741824
Narrow klass base: 0x0000018054000000, Narrow klass shift: 0, Narrow klass range: 0x100000000

GC Precious Log:
 CardTable entry size: 512
 Card Set container configuration: InlinePtr #cards 4 size 8 Array Of Cards #cards 16 size 48 Howl #buckets 8 coarsen threshold 3686 Howl Bitmap #cards 512 size 80 coarsen threshold 460 Card regions per heap region 1 cards per card region 4096
 CPUs: 6 total, 6 available
 Memory: 16319M
 Large Page Support: Disabled
 NUMA Support: Disabled
 Compressed Oops: Enabled (Zero based)
 Heap Region Size: 2M
 Heap Min Capacity: 8M
 Heap Initial Capacity: 256M
 Heap Max Capacity: 4080M
 Pre-touch: Disabled
 Parallel Workers: 6
 Concurrent Workers: 2
 Concurrent Refinement Workers: 6
 Periodic GC: Disabled

Heap:
 garbage-first heap   total 131072K, used 97577K [0x0000000701000000, 0x0000000800000000)
  region size 2048K, 12 young (24576K), 3 survivors (6144K)
 Metaspace       used 131857K, committed 133056K, reserved 1179648K
  class space    used 18522K, committed 19072K, reserved 1048576K

Heap Regions: E=young(eden), S=young(survivor), O=old, HS=humongous(starts), HC=humongous(continues), CS=collection set, F=free, TAMS=top-at-mark-start, PB=parsable bottom
|   0|0x0000000701000000, 0x0000000701200000, 0x0000000701200000|100%|HS|  |TAMS 0x0000000701000000| PB 0x0000000701000000| Complete 
|   1|0x0000000701200000, 0x0000000701400000, 0x0000000701400000|100%|HC|  |TAMS 0x0000000701200000| PB 0x0000000701200000| Complete 
|   2|0x0000000701400000, 0x0000000701600000, 0x0000000701600000|100%| O|  |TAMS 0x0000000701400000| PB 0x0000000701400000| Untracked 
|   3|0x0000000701600000, 0x0000000701800000, 0x0000000701800000|100%| O|  |TAMS 0x0000000701600000| PB 0x0000000701600000| Untracked 
|   4|0x0000000701800000, 0x0000000701a00000, 0x0000000701a00000|100%| O|  |TAMS 0x0000000701800000| PB 0x0000000701800000| Untracked 
|   5|0x0000000701a00000, 0x0000000701c00000, 0x0000000701c00000|100%| O|  |TAMS 0x0000000701a00000| PB 0x0000000701a00000| Untracked 
|   6|0x0000000701c00000, 0x0000000701e00000, 0x0000000701e00000|100%| O|  |TAMS 0x0000000701c00000| PB 0x0000000701c00000| Untracked 
|   7|0x0000000701e00000, 0x0000000702000000, 0x0000000702000000|100%| O|  |TAMS 0x0000000701e00000| PB 0x0000000701e00000| Untracked 
|   8|0x0000000702000000, 0x0000000702200000, 0x0000000702200000|100%| O|  |TAMS 0x0000000702000000| PB 0x0000000702000000| Untracked 
|   9|0x0000000702200000, 0x0000000702400000, 0x0000000702400000|100%| O|  |TAMS 0x0000000702200000| PB 0x0000000702200000| Untracked 
|  10|0x0000000702400000, 0x0000000702600000, 0x0000000702600000|100%| O|  |TAMS 0x0000000702400000| PB 0x0000000702400000| Untracked 
|  11|0x0000000702600000, 0x0000000702800000, 0x0000000702800000|100%| O|  |TAMS 0x0000000702600000| PB 0x0000000702600000| Untracked 
|  12|0x0000000702800000, 0x0000000702a00000, 0x0000000702a00000|100%| O|  |TAMS 0x0000000702800000| PB 0x0000000702800000| Untracked 
|  13|0x0000000702a00000, 0x0000000702c00000, 0x0000000702c00000|100%| O|  |TAMS 0x0000000702a00000| PB 0x0000000702a00000| Untracked 
|  14|0x0000000702c00000, 0x0000000702e00000, 0x0000000702e00000|100%| O|  |TAMS 0x0000000702c00000| PB 0x0000000702c00000| Untracked 
|  15|0x0000000702e00000, 0x0000000703000000, 0x0000000703000000|100%| O|  |TAMS 0x0000000702e00000| PB 0x0000000702e00000| Untracked 
|  16|0x0000000703000000, 0x0000000703200000, 0x0000000703200000|100%| O|  |TAMS 0x0000000703000000| PB 0x0000000703000000| Untracked 
|  17|0x0000000703200000, 0x0000000703400000, 0x0000000703400000|100%| O|  |TAMS 0x0000000703200000| PB 0x0000000703200000| Untracked 
|  18|0x0000000703400000, 0x0000000703600000, 0x0000000703600000|100%| O|  |TAMS 0x0000000703400000| PB 0x0000000703400000| Untracked 
|  19|0x0000000703600000, 0x0000000703800000, 0x0000000703800000|100%| O|  |TAMS 0x0000000703600000| PB 0x0000000703600000| Untracked 
|  20|0x0000000703800000, 0x0000000703a00000, 0x0000000703a00000|100%| O|  |TAMS 0x0000000703800000| PB 0x0000000703800000| Untracked 
|  21|0x0000000703a00000, 0x0000000703c00000, 0x0000000703c00000|100%| O|  |TAMS 0x0000000703a00000| PB 0x0000000703a00000| Untracked 
|  22|0x0000000703c00000, 0x0000000703e00000, 0x0000000703e00000|100%| O|  |TAMS 0x0000000703c00000| PB 0x0000000703c00000| Untracked 
|  23|0x0000000703e00000, 0x0000000703e00000, 0x0000000704000000|  0%| F|  |TAMS 0x0000000703e00000| PB 0x0000000703e00000| Untracked 
|  24|0x0000000704000000, 0x0000000704200000, 0x0000000704200000|100%| O|  |TAMS 0x0000000704000000| PB 0x0000000704000000| Untracked 
|  25|0x0000000704200000, 0x0000000704400000, 0x0000000704400000|100%| O|  |TAMS 0x0000000704200000| PB 0x0000000704200000| Untracked 
|  26|0x0000000704400000, 0x0000000704600000, 0x0000000704600000|100%| O|  |TAMS 0x0000000704400000| PB 0x0000000704400000| Untracked 
|  27|0x0000000704600000, 0x0000000704800000, 0x0000000704800000|100%| O|  |TAMS 0x0000000704600000| PB 0x0000000704600000| Untracked 
|  28|0x0000000704800000, 0x0000000704a00000, 0x0000000704a00000|100%| O|  |TAMS 0x0000000704800000| PB 0x0000000704800000| Untracked 
|  29|0x0000000704a00000, 0x0000000704c00000, 0x0000000704c00000|100%| O|  |TAMS 0x0000000704a00000| PB 0x0000000704a00000| Untracked 
|  30|0x0000000704c00000, 0x0000000704c00000, 0x0000000704e00000|  0%| F|  |TAMS 0x0000000704c00000| PB 0x0000000704c00000| Untracked 
|  31|0x0000000704e00000, 0x0000000705000000, 0x0000000705000000|100%| O|  |TAMS 0x0000000704e00000| PB 0x0000000704e00000| Untracked 
|  32|0x0000000705000000, 0x0000000705200000, 0x0000000705200000|100%| O|  |TAMS 0x0000000705000000| PB 0x0000000705000000| Untracked 
|  33|0x0000000705200000, 0x0000000705400000, 0x0000000705400000|100%| O|  |TAMS 0x0000000705200000| PB 0x0000000705200000| Untracked 
|  34|0x0000000705400000, 0x0000000705600000, 0x0000000705600000|100%| O|  |TAMS 0x0000000705400000| PB 0x0000000705400000| Untracked 
|  35|0x0000000705600000, 0x0000000705800000, 0x0000000705800000|100%| O|  |TAMS 0x0000000705600000| PB 0x0000000705600000| Untracked 
|  36|0x0000000705800000, 0x0000000705800000, 0x0000000705a00000|  0%| F|  |TAMS 0x0000000705800000| PB 0x0000000705800000| Untracked 
|  37|0x0000000705a00000, 0x0000000705a00000, 0x0000000705c00000|  0%| F|  |TAMS 0x0000000705a00000| PB 0x0000000705a00000| Untracked 
|  38|0x0000000705c00000, 0x0000000705e00000, 0x0000000705e00000|100%| O|  |TAMS 0x0000000705c00000| PB 0x0000000705c00000| Untracked 
|  39|0x0000000705e00000, 0x0000000705e00000, 0x0000000706000000|  0%| F|  |TAMS 0x0000000705e00000| PB 0x0000000705e00000| Untracked 
|  40|0x0000000706000000, 0x0000000706200000, 0x0000000706200000|100%| O|  |TAMS 0x0000000706000000| PB 0x0000000706000000| Untracked 
|  41|0x0000000706200000, 0x0000000706400000, 0x0000000706400000|100%| O|  |TAMS 0x0000000706200000| PB 0x0000000706200000| Untracked 
|  42|0x0000000706400000, 0x0000000706600000, 0x0000000706600000|100%| O|  |TAMS 0x0000000706400000| PB 0x0000000706400000| Untracked 
|  43|0x0000000706600000, 0x0000000706733708, 0x0000000706800000| 60%| S|CS|TAMS 0x0000000706600000| PB 0x0000000706600000| Complete 
|  44|0x0000000706800000, 0x0000000706a00000, 0x0000000706a00000|100%| S|CS|TAMS 0x0000000706800000| PB 0x0000000706800000| Complete 
|  45|0x0000000706a00000, 0x0000000706c00000, 0x0000000706c00000|100%| S|CS|TAMS 0x0000000706a00000| PB 0x0000000706a00000| Complete 
|  46|0x0000000706c00000, 0x0000000706c00000, 0x0000000706e00000|  0%| F|  |TAMS 0x0000000706c00000| PB 0x0000000706c00000| Untracked 
|  47|0x0000000706e00000, 0x0000000706e00000, 0x0000000707000000|  0%| F|  |TAMS 0x0000000706e00000| PB 0x0000000706e00000| Untracked 
|  48|0x0000000707000000, 0x0000000707000000, 0x0000000707200000|  0%| F|  |TAMS 0x0000000707000000| PB 0x0000000707000000| Untracked 
|  49|0x0000000707200000, 0x0000000707200000, 0x0000000707400000|  0%| F|  |TAMS 0x0000000707200000| PB 0x0000000707200000| Untracked 
|  50|0x0000000707400000, 0x0000000707400000, 0x0000000707600000|  0%| F|  |TAMS 0x0000000707400000| PB 0x0000000707400000| Untracked 
|  51|0x0000000707600000, 0x0000000707600000, 0x0000000707800000|  0%| F|  |TAMS 0x0000000707600000| PB 0x0000000707600000| Untracked 
|  52|0x0000000707800000, 0x0000000707800000, 0x0000000707a00000|  0%| F|  |TAMS 0x0000000707800000| PB 0x0000000707800000| Untracked 
|  53|0x0000000707a00000, 0x0000000707a00000, 0x0000000707c00000|  0%| F|  |TAMS 0x0000000707a00000| PB 0x0000000707a00000| Untracked 
|  54|0x0000000707c00000, 0x0000000707ca67b8, 0x0000000707e00000| 32%| E|  |TAMS 0x0000000707c00000| PB 0x0000000707c00000| Complete 
|  55|0x0000000707e00000, 0x0000000708000000, 0x0000000708000000|100%| E|  |TAMS 0x0000000707e00000| PB 0x0000000707e00000| Complete 
|  56|0x0000000708000000, 0x0000000708200000, 0x0000000708200000|100%| E|CS|TAMS 0x0000000708000000| PB 0x0000000708000000| Complete 
|  57|0x0000000708200000, 0x0000000708400000, 0x0000000708400000|100%| E|CS|TAMS 0x0000000708200000| PB 0x0000000708200000| Complete 
|  58|0x0000000708400000, 0x0000000708600000, 0x0000000708600000|100%| E|CS|TAMS 0x0000000708400000| PB 0x0000000708400000| Complete 
| 112|0x000000070f000000, 0x000000070f200000, 0x000000070f200000|100%| E|CS|TAMS 0x000000070f000000| PB 0x000000070f000000| Complete 
| 113|0x000000070f200000, 0x000000070f400000, 0x000000070f400000|100%| E|CS|TAMS 0x000000070f200000| PB 0x000000070f200000| Complete 
| 114|0x000000070f400000, 0x000000070f600000, 0x000000070f600000|100%| E|CS|TAMS 0x000000070f400000| PB 0x000000070f400000| Complete 
| 127|0x0000000710e00000, 0x0000000711000000, 0x0000000711000000|100%| E|CS|TAMS 0x0000000710e00000| PB 0x0000000710e00000| Complete 
|2039|0x00000007ffe00000, 0x00000007ffe170d8, 0x0000000800000000|  4%| O|  |TAMS 0x00000007ffe00000| PB 0x00000007ffe00000| Untracked 

Card table byte_map: [0x000001804c670000,0x000001804ce70000] _byte_map_base: 0x0000018048e68000

Marking Bits: (CMBitMap*) 0x0000018040811c80
 Bits: [0x000001804ce70000, 0x0000018050e30000)

Polling page: 0x000001803e4e0000

Metaspace:

Usage:
  Non-class:    110.68 MB used.
      Class:     18.09 MB used.
       Both:    128.77 MB used.

Virtual space:
  Non-class space:      128.00 MB reserved,     111.31 MB ( 87%) committed,  2 nodes.
      Class space:        1.00 GB reserved,      18.62 MB (  2%) committed,  1 nodes.
             Both:        1.12 GB reserved,     129.94 MB ( 11%) committed. 

Chunk freelists:
   Non-Class:  688.00 KB
       Class:  13.20 MB
        Both:  13.87 MB

MaxMetaspaceSize: unlimited
CompressedClassSpaceSize: 1.00 GB
Initial GC threshold: 21.00 MB
Current GC threshold: 203.44 MB
CDS: on
 - commit_granule_bytes: 65536.
 - commit_granule_words: 8192.
 - virtual_space_node_default_size: 8388608.
 - enlarge_chunks_in_place: 1.
 - use_allocation_guard: 0.


Internal statistics:

num_allocs_failed_limit: 11.
num_arena_births: 2064.
num_arena_deaths: 6.
num_vsnodes_births: 3.
num_vsnodes_deaths: 0.
num_space_committed: 2079.
num_space_uncommitted: 0.
num_chunks_returned_to_freelist: 19.
num_chunks_taken_from_freelist: 6835.
num_chunk_merges: 8.
num_chunk_splits: 5057.
num_chunks_enlarged: 3995.
num_inconsistent_stats: 0.

CodeCache: size=49152Kb used=22265Kb max_used=22265Kb free=26886Kb
 bounds [0x0000018048e70000, 0x000001804a480000, 0x000001804be70000]
 total_blobs=12806 nmethods=11865 adapters=861
 compilation: enabled
              stopped_count=0, restarted_count=0
 full_count=0

Compilation events (20 events):
Event: 118.746 Thread 0x0000018053693250 nmethod 12940 0x0000018049007d90 code [0x0000018049007f20, 0x0000018049008058]
Event: 118.746 Thread 0x0000018053693250 12944       1       io.netty.buffer.AbstractReferenceCountedByteBuf::isAccessible (8 bytes)
Event: 118.746 Thread 0x000001809ce4da10 nmethod 12943 0x0000018049007910 code [0x0000018049007ac0, 0x0000018049007c68]
Event: 118.746 Thread 0x0000018053693250 nmethod 12944 0x0000018049007610 code [0x00000180490077c0, 0x00000180490078a8]
Event: 118.746 Thread 0x000001809ce4da10 12945       1       io.netty.util.internal.RefCnt::isLiveNonVolatile (43 bytes)
Event: 118.746 Thread 0x0000018053693250 12946       1       io.netty.util.internal.RefCnt$UnsafeRefCnt::isLiveNonVolatile (27 bytes)
Event: 118.746 Thread 0x0000018053693250 nmethod 12946 0x0000018049007310 code [0x00000180490074a0, 0x00000180490075a8]
Event: 118.746 Thread 0x000001809ce4da10 nmethod 12945 0x0000018049007010 code [0x00000180490071a0, 0x0000018049007288]
Event: 118.746 Thread 0x0000018053693250 12942       1       io.netty.buffer.AdaptivePoolingAllocator$AdaptiveByteBuf::capacity (5 bytes)
Event: 118.746 Thread 0x0000018053693250 nmethod 12942 0x0000018049006d10 code [0x0000018049006ea0, 0x0000018049006f68]
Event: 118.810 Thread 0x0000018053693250 12952       1       sun.security.provider.SHA5::lf_S (6 bytes)
Event: 118.810 Thread 0x000001809ce4da10 12953       1       java.lang.Long::rotateRight (9 bytes)
Event: 118.810 Thread 0x0000018053693250 nmethod 12952 0x0000018049005c10 code [0x0000018049005da0, 0x0000018049005e58]
Event: 118.810 Thread 0x0000018053693250 12954       1       sun.security.provider.SHA5::lf_R (4 bytes)
Event: 118.810 Thread 0x0000018053693250 nmethod 12954 0x0000018049005910 code [0x0000018049005aa0, 0x0000018049005b50]
Event: 118.810 Thread 0x000001809ce4da10 nmethod 12953 0x0000018049005610 code [0x00000180490057a0, 0x0000018049005858]
Event: 118.812 Thread 0x000001809ce4da10 12955       1       jdk.internal.loader.BuiltinClassLoader$LoadedModule::mref (5 bytes)
Event: 118.812 Thread 0x0000018053693250 12956       1       java.nio.DirectByteBufferR::isDirect (2 bytes)
Event: 118.812 Thread 0x000001809ce4da10 nmethod 12955 0x0000018049004c90 code [0x0000018049004e20, 0x0000018049004ef0]
Event: 118.812 Thread 0x0000018053693250 nmethod 12956 0x0000018049004990 code [0x0000018049004b20, 0x0000018049004be8]

GC Heap History (20 events):
Event: 12.560 GC heap before
{Heap before GC invocations=25 (full 0):
 garbage-first heap   total 96256K, used 84880K [0x0000000701000000, 0x0000000800000000)
  region size 2048K, 16 young (32768K), 2 survivors (4096K)
 Metaspace       used 109582K, committed 110592K, reserved 1179648K
  class space    used 15372K, committed 15872K, reserved 1048576K
}
Event: 12.563 GC heap after
{Heap after GC invocations=26 (full 0):
 garbage-first heap   total 96256K, used 57452K [0x0000000701000000, 0x0000000800000000)
  region size 2048K, 2 young (4096K), 2 survivors (4096K)
 Metaspace       used 109582K, committed 110592K, reserved 1179648K
  class space    used 15372K, committed 15872K, reserved 1048576K
}
Event: 12.904 GC heap before
{Heap before GC invocations=27 (full 0):
 garbage-first heap   total 100352K, used 84076K [0x0000000701000000, 0x0000000800000000)
  region size 2048K, 15 young (30720K), 2 survivors (4096K)
 Metaspace       used 110774K, committed 111808K, reserved 1179648K
  class space    used 15570K, committed 16064K, reserved 1048576K
}
Event: 12.907 GC heap after
{Heap after GC invocations=28 (full 0):
 garbage-first heap   total 100352K, used 58756K [0x0000000701000000, 0x0000000800000000)
  region size 2048K, 2 young (4096K), 2 survivors (4096K)
 Metaspace       used 110774K, committed 111808K, reserved 1179648K
  class space    used 15570K, committed 16064K, reserved 1048576K
}
Event: 13.298 GC heap before
{Heap before GC invocations=28 (full 0):
 garbage-first heap   total 100352K, used 87428K [0x0000000701000000, 0x0000000800000000)
  region size 2048K, 16 young (32768K), 2 survivors (4096K)
 Metaspace       used 112377K, committed 113472K, reserved 1179648K
  class space    used 15822K, committed 16320K, reserved 1048576K
}
Event: 13.303 GC heap after
{Heap after GC invocations=29 (full 0):
 garbage-first heap   total 100352K, used 59649K [0x0000000701000000, 0x0000000800000000)
  region size 2048K, 2 young (4096K), 2 survivors (4096K)
 Metaspace       used 112377K, committed 113472K, reserved 1179648K
  class space    used 15822K, committed 16320K, reserved 1048576K
}
Event: 13.762 GC heap before
{Heap before GC invocations=29 (full 0):
 garbage-first heap   total 100352K, used 88321K [0x0000000701000000, 0x0000000800000000)
  region size 2048K, 16 young (32768K), 2 survivors (4096K)
 Metaspace       used 114125K, committed 115264K, reserved 1179648K
  class space    used 16061K, committed 16576K, reserved 1048576K
}
Event: 13.766 GC heap after
{Heap after GC invocations=30 (full 0):
 garbage-first heap   total 100352K, used 61258K [0x0000000701000000, 0x0000000800000000)
  region size 2048K, 2 young (4096K), 2 survivors (4096K)
 Metaspace       used 114125K, committed 115264K, reserved 1179648K
  class space    used 16061K, committed 16576K, reserved 1048576K
}
Event: 14.200 GC heap before
{Heap before GC invocations=31 (full 0):
 garbage-first heap   total 106496K, used 85834K [0x0000000701000000, 0x0000000800000000)
  region size 2048K, 14 young (28672K), 2 survivors (4096K)
 Metaspace       used 116148K, committed 117248K, reserved 1179648K
  class space    used 16329K, committed 16832K, reserved 1048576K
}
Event: 14.204 GC heap after
{Heap after GC invocations=32 (full 0):
 garbage-first heap   total 106496K, used 63012K [0x0000000701000000, 0x0000000800000000)
  region size 2048K, 2 young (4096K), 2 survivors (4096K)
 Metaspace       used 116148K, committed 117248K, reserved 1179648K
  class space    used 16329K, committed 16832K, reserved 1048576K
}
Event: 14.525 GC heap before
{Heap before GC invocations=32 (full 0):
 garbage-first heap   total 106496K, used 91684K [0x0000000701000000, 0x0000000800000000)
  region size 2048K, 16 young (32768K), 2 survivors (4096K)
 Metaspace       used 117696K, committed 118848K, reserved 1179648K
  class space    used 16537K, committed 17088K, reserved 1048576K
}
Event: 14.531 GC heap after
{Heap after GC invocations=33 (full 0):
 garbage-first heap   total 129024K, used 63859K [0x0000000701000000, 0x0000000800000000)
  region size 2048K, 2 young (4096K), 2 survivors (4096K)
 Metaspace       used 117696K, committed 118848K, reserved 1179648K
  class space    used 16537K, committed 17088K, reserved 1048576K
}
Event: 18.986 GC heap before
{Heap before GC invocations=33 (full 0):
 garbage-first heap   total 129024K, used 113011K [0x0000000701000000, 0x0000000800000000)
  region size 2048K, 27 young (55296K), 2 survivors (4096K)
 Metaspace       used 123291K, committed 124480K, reserved 1179648K
  class space    used 17367K, committed 17920K, reserved 1048576K
}
Event: 18.993 GC heap after
{Heap after GC invocations=34 (full 0):
 garbage-first heap   total 129024K, used 69632K [0x0000000701000000, 0x0000000800000000)
  region size 2048K, 4 young (8192K), 4 survivors (8192K)
 Metaspace       used 123291K, committed 124480K, reserved 1179648K
  class space    used 17367K, committed 17920K, reserved 1048576K
}
Event: 19.313 GC heap before
{Heap before GC invocations=34 (full 0):
 garbage-first heap   total 129024K, used 79872K [0x0000000701000000, 0x0000000800000000)
  region size 2048K, 10 young (20480K), 4 survivors (8192K)
 Metaspace       used 123853K, committed 124992K, reserved 1179648K
  class space    used 17452K, committed 17984K, reserved 1048576K
}
Event: 19.323 GC heap after
{Heap after GC invocations=35 (full 0):
 garbage-first heap   total 129024K, used 72128K [0x0000000701000000, 0x0000000800000000)
  region size 2048K, 1 young (2048K), 1 survivors (2048K)
 Metaspace       used 123853K, committed 124992K, reserved 1179648K
  class space    used 17452K, committed 17984K, reserved 1048576K
}
Event: 19.840 GC heap before
{Heap before GC invocations=36 (full 0):
 garbage-first heap   total 129024K, used 117184K [0x0000000701000000, 0x0000000800000000)
  region size 2048K, 23 young (47104K), 1 survivors (2048K)
 Metaspace       used 124803K, committed 126144K, reserved 1179648K
  class space    used 17618K, committed 18240K, reserved 1048576K
}
Event: 19.845 GC heap after
{Heap after GC invocations=37 (full 0):
 garbage-first heap   total 129024K, used 78231K [0x0000000701000000, 0x0000000800000000)
  region size 2048K, 3 young (6144K), 3 survivors (6144K)
 Metaspace       used 124803K, committed 126144K, reserved 1179648K
  class space    used 17618K, committed 18240K, reserved 1048576K
}
Event: 117.894 GC heap before
{Heap before GC invocations=37 (full 0):
 garbage-first heap   total 129024K, used 113047K [0x0000000701000000, 0x0000000800000000)
  region size 2048K, 20 young (40960K), 3 survivors (6144K)
 Metaspace       used 128632K, committed 129856K, reserved 1179648K
  class space    used 18088K, committed 18624K, reserved 1048576K
}
Event: 117.908 GC heap after
{Heap after GC invocations=38 (full 0):
 garbage-first heap   total 131072K, used 83241K [0x0000000701000000, 0x0000000800000000)
  region size 2048K, 3 young (6144K), 3 survivors (6144K)
 Metaspace       used 128632K, committed 129856K, reserved 1179648K
  class space    used 18088K, committed 18624K, reserved 1048576K
}

Dll operation events (12 events):
Event: 0.028 Loaded shared library C:\Users\User\.jdks\ms-21.0.7\bin\java.dll
Event: 0.382 Loaded shared library C:\Users\User\.jdks\ms-21.0.7\bin\zip.dll
Event: 0.385 Loaded shared library C:\Users\User\.jdks\ms-21.0.7\bin\instrument.dll
Event: 0.392 Loaded shared library C:\Users\User\.jdks\ms-21.0.7\bin\net.dll
Event: 0.394 Loaded shared library C:\Users\User\.jdks\ms-21.0.7\bin\nio.dll
Event: 0.411 Loaded shared library C:\Users\User\.jdks\ms-21.0.7\bin\zip.dll
Event: 0.456 Loaded shared library C:\Users\User\.jdks\ms-21.0.7\bin\jimage.dll
Event: 0.632 Loaded shared library C:\Users\User\.jdks\ms-21.0.7\bin\extnet.dll
Event: 0.633 Loaded shared library C:\Users\User\.jdks\ms-21.0.7\bin\management.dll
Event: 0.652 Loaded shared library C:\Users\User\.jdks\ms-21.0.7\bin\management_ext.dll
Event: 3.208 Loaded shared library C:\Users\User\.jdks\ms-21.0.7\bin\sunmscapi.dll
Event: 117.229 Loaded shared library C:\Users\User\AppData\Local\Temp\netty_quiche42_windows_x86_642358489619126785566.dll

Deoptimization events (6 events):
Event: 10.583 Thread 0x000001803e28b280 DEOPT PACKING pc=0x000001804931002c sp=0x0000002b0b7fb310
Event: 10.583 Thread 0x000001803e28b280 DEOPT UNPACKING pc=0x0000018048ec4e42 sp=0x0000002b0b7fa838 mode 0
Event: 18.289 Thread 0x00000180998ecaf0 DEOPT PACKING pc=0x0000018049966dbc sp=0x0000002b0d2feef0
Event: 18.289 Thread 0x00000180998ecaf0 DEOPT UNPACKING pc=0x0000018048ec4e42 sp=0x0000002b0d2fe388 mode 0
Event: 21.811 Thread 0x000001809996e6b0 DEOPT PACKING pc=0x0000018049966dbc sp=0x0000002b0d3fe840
Event: 21.811 Thread 0x000001809996e6b0 DEOPT UNPACKING pc=0x0000018048ec4e42 sp=0x0000002b0d3fdcd8 mode 0

Classes loaded (20 events):
Event: 118.808 Loading class sun/security/ssl/SSLEngineImpl$DelegatedTask
Event: 118.808 Loading class sun/security/ssl/SSLEngineImpl$DelegatedTask done
Event: 118.808 Loading class sun/security/ssl/SSLEngineImpl$DelegatedTask$DelegatedAction
Event: 118.808 Loading class sun/security/ssl/SSLEngineImpl$DelegatedTask$DelegatedAction done
Event: 118.808 Loading class sun/security/ssl/ServerHello$ServerHelloMessage
Event: 118.808 Loading class sun/security/ssl/ServerHello$ServerHelloMessage done
Event: 118.809 Loading class sun/security/ssl/SupportedVersionsExtension$SHSupportedVersionsSpec
Event: 118.809 Loading class sun/security/ssl/SupportedVersionsExtension$SHSupportedVersionsSpec done
Event: 118.809 Loading class sun/security/ssl/HandshakeHash$T13HandshakeHash
Event: 118.810 Loading class sun/security/ssl/HandshakeHash$T13HandshakeHash done
Event: 118.810 Loading class sun/security/ssl/HandshakeHash$CloneableHash
Event: 118.810 Loading class sun/security/ssl/HandshakeHash$CloneableHash done
Event: 118.811 Loading class sun/security/ssl/KeyShareExtension$SHKeyShareSpec
Event: 118.811 Loading class sun/security/ssl/KeyShareExtension$SHKeyShareSpec done
Event: 118.811 Loading class sun/security/ssl/XDHKeyExchange$XDHECredentials
Event: 118.811 Loading class sun/security/ssl/NamedGroupCredentials
Event: 118.811 Loading class sun/security/ssl/NamedGroupCredentials done
Event: 118.811 Loading class sun/security/ssl/XDHKeyExchange$XDHECredentials done
Event: 118.812 Loading class java/security/spec/XECPublicKeySpec
Event: 118.812 Loading class java/security/spec/XECPublicKeySpec done

Classes unloaded (3 events):
Event: 2.957 Thread 0x00000180536636d0 Unloading class 0x00000180550df800 'jdk/internal/reflect/GeneratedSerializationConstructorAccessor12'
Event: 2.957 Thread 0x00000180536636d0 Unloading class 0x00000180550df400 'jdk/internal/reflect/GeneratedSerializationConstructorAccessor10'
Event: 2.957 Thread 0x00000180536636d0 Unloading class 0x00000180550dec00 'java/lang/invoke/LambdaForm$DMH+0x00000180550dec00'

Classes redefined (0 events):
No events

Internal exceptions (20 events):
Event: 17.515 Thread 0x000001809c0f0a30 Exception <a 'java/lang/NoSuchMethodError'{0x000000070f172898}: 'java.lang.Object java.lang.invoke.DirectMethodHandle$Holder.invokeStatic(java.lang.Object, int, int)'> (0x000000070f172898) 
thrown [s\src\hotspot\share\interpreter\linkResolver.cpp, line 773]
Event: 18.355 Thread 0x00000180a270ce60 Exception <a 'java/lang/NoSuchMethodError'{0x0000000707887408}: method resolution failed> (0x0000000707887408) 
thrown [s\src\hotspot\share\prims\methodHandles.cpp, line 1144]
Event: 19.027 Thread 0x00000180a270ce60 Exception <a 'java/lang/IncompatibleClassChangeError'{0x0000000710f28f68}: Found class java.lang.Object, but interface was expected> (0x0000000710f28f68) 
thrown [s\src\hotspot\share\interpreter\linkResolver.cpp, line 840]
Event: 19.767 Thread 0x00000180a270ce60 Exception <a 'java/lang/ClassNotFoundException'{0x0000000706723cc8}: org/springdoc/core/converters/models/PageableBeanInfo> (0x0000000706723cc8) 
thrown [s\src\hotspot\share\classfile\systemDictionary.cpp, line 312]
Event: 19.768 Thread 0x00000180a270ce60 Exception <a 'java/lang/ClassNotFoundException'{0x0000000706727df8}: java/lang/ObjectBeanInfo> (0x0000000706727df8) 
thrown [s\src\hotspot\share\classfile\systemDictionary.cpp, line 312]
Event: 19.770 Thread 0x00000180a270ce60 Exception <a 'java/lang/ClassNotFoundException'{0x000000070672c568}: java/lang/ObjectCustomizer> (0x000000070672c568) 
thrown [s\src\hotspot\share\classfile\systemDictionary.cpp, line 312]
Event: 19.774 Thread 0x00000180a270ce60 Exception <a 'java/lang/ClassNotFoundException'{0x0000000706748f70}: org/springdoc/core/converters/models/PageableCustomizer> (0x0000000706748f70) 
thrown [s\src\hotspot\share\classfile\systemDictionary.cpp, line 312]
Event: 19.775 Thread 0x00000180a270ce60 Exception <a 'java/lang/NoSuchMethodError'{0x000000070675d760}: 'java.lang.Object java.lang.invoke.DirectMethodHandle$Holder.invokeSpecial(java.lang.Object, java.lang.Object, java.lang.Object, java.lang.Object, int, java.lang.Object, java.lang.Object)'> (0x000000070675d760) 
thrown [s\src\hotspot\share\interpreter\linkResolver.cpp, line 773]
Event: 19.777 Thread 0x00000180a270ce60 Exception <a 'java/lang/NoSuchMethodError'{0x000000070677de48}: 'void java.lang.invoke.DirectMethodHandle$Holder.invokeSpecialIFC(java.lang.Object, java.lang.Object, java.lang.Object, java.lang.Object)'> (0x000000070677de48) 
thrown [s\src\hotspot\share\interpreter\linkResolver.cpp, line 773]
Event: 116.151 Thread 0x000001809c0f03a0 Exception <a 'java/lang/UnsatisfiedLinkError'{0x00000007073067f0}: 'java.lang.String io.netty.handler.codec.quic.Quiche.quiche_version()'> (0x00000007073067f0) 
thrown [s\src\hotspot\share\prims\nativeLookup.cpp, line 415]
Event: 117.652 Thread 0x000001809c0f03a0 Exception <a 'java/lang/NoSuchMethodError'{0x0000000706faafe8}: 'java.lang.Object java.lang.invoke.DirectMethodHandle$Holder.newInvokeSpecial(java.lang.Object, java.lang.Object, long, java.lang.Object)'> (0x0000000706faafe8) 
thrown [s\src\hotspot\share\interpreter\linkResolver.cpp, line 773]
Event: 117.969 Thread 0x000001809c0f03a0 Exception <a 'java/lang/NoSuchMethodError'{0x0000000710f5bb48}: 'java.lang.Object java.lang.invoke.DirectMethodHandle$Holder.invokeStatic(java.lang.Object, java.lang.Object, java.lang.Object, java.lang.Object, java.lang.Object, java.lang.Object, int, java.lang.Object, java.lang.Object)'> (0x0000000710f5bb48) 
thrown [s\src\hotspot\share\interpreter\linkResolver.cpp, line 773]
Event: 117.970 Thread 0x000001809c0f03a0 Exception <a 'java/lang/NoSuchMethodError'{0x0000000710f65320}: 'java.lang.Object java.lang.invoke.DirectMethodHandle$Holder.newInvokeSpecial(java.lang.Object, java.lang.Object, java.lang.Object, java.lang.Object, java.lang.Object, java.lang.Object, int, java.lang.Object)'> (0x0000000710f65320) 
thrown [s\src\hotspot\share\interpreter\linkResolver.cpp, line 773]
Event: 117.970 Thread 0x000001809c0f03a0 Exception <a 'java/lang/NoSuchMethodError'{0x0000000710f76320}: 'java.lang.Object java.lang.invoke.Invokers$Holder.linkToTargetMethod(java.lang.Object, java.lang.Object, java.lang.Object, java.lang.Object, java.lang.Object, int, java.lang.Object, java.lang.Object)'> (0x0000000710f76320) 
thrown [s\src\hotspot\share\interpreter\linkResolver.cpp, line 773]
Event: 118.436 Thread 0x00000180a2cddba0 Exception <a 'java/lang/NoSuchMethodError'{0x000000070f3206d0}: 'java.lang.Object java.lang.invoke.DirectMethodHandle$Holder.invokeStatic(java.lang.Object, java.lang.Object, java.lang.Object, int, java.lang.Object, java.lang.Object)'> (0x000000070f3206d0) 
thrown [s\src\hotspot\share\interpreter\linkResolver.cpp, line 773]
Event: 118.599 Thread 0x00000180a2cdbad0 Exception <a 'java/lang/NoSuchMethodError'{0x0000000707e24478}: 'java.lang.Object java.lang.invoke.Invokers$Holder.invokeExact_MT(java.lang.Object, java.lang.Object, int, int, java.lang.Object)'> (0x0000000707e24478) 
thrown [s\src\hotspot\share\interpreter\linkResolver.cpp, line 773]
Event: 118.631 Thread 0x00000180a2cdbad0 Exception <a 'java/lang/NoSuchMethodError'{0x0000000707ea2238}: 'java.lang.Object java.lang.invoke.DirectMethodHandle$Holder.newInvokeSpecial(java.lang.Object, java.lang.Object, int, java.lang.Object, java.lang.Object, java.lang.Object)'> (0x0000000707ea2238) 
thrown [s\src\hotspot\share\interpreter\linkResolver.cpp, line 773]
Event: 118.749 Thread 0x00000180a2cddba0 Exception <a 'java/lang/NoSuchMethodError'{0x0000000707ff8328}: 'java.lang.Object java.lang.invoke.DirectMethodHandle$Holder.newInvokeSpecial(java.lang.Object, java.lang.Object, java.lang.Object, long)'> (0x0000000707ff8328) 
thrown [s\src\hotspot\share\interpreter\linkResolver.cpp, line 773]
Event: 118.749 Thread 0x00000180a2cddba0 Exception <a 'java/lang/NoSuchMethodError'{0x0000000707ffc1c8}: 'java.lang.Object java.lang.invoke.DirectMethodHandle$Holder.invokeSpecial(java.lang.Object, java.lang.Object, java.lang.Object, java.lang.Object, long)'> (0x0000000707ffc1c8) 
thrown [s\src\hotspot\share\interpreter\linkResolver.cpp, line 773]
Event: 118.749 Thread 0x00000180a2cddba0 Exception <a 'java/lang/NoSuchMethodError'{0x0000000707fff958}: 'java.lang.Object java.lang.invoke.Invokers$Holder.linkToTargetMethod(java.lang.Object, java.lang.Object, long, java.lang.Object)'> (0x0000000707fff958) 
thrown [s\src\hotspot\share\interpreter\linkResolver.cpp, line 773]

ZGC Phase Switch (0 events):
No events

VM Operations (20 events):
Event: 91.555 Executing VM operation: Cleanup
Event: 91.555 Executing VM operation: Cleanup done
Event: 92.562 Executing VM operation: Cleanup
Event: 92.562 Executing VM operation: Cleanup done
Event: 109.934 Executing VM operation: HandshakeAllThreads (Deoptimize)
Event: 109.934 Executing VM operation: HandshakeAllThreads (Deoptimize) done
Event: 110.941 Executing VM operation: Cleanup
Event: 110.941 Executing VM operation: Cleanup done
Event: 115.985 Executing VM operation: Cleanup
Event: 115.985 Executing VM operation: Cleanup done
Event: 116.061 Executing VM operation: HandshakeAllThreads (Deoptimize)
Event: 116.061 Executing VM operation: HandshakeAllThreads (Deoptimize) done
Event: 117.067 Executing VM operation: Cleanup
Event: 117.067 Executing VM operation: Cleanup done
Event: 117.443 Executing VM operation: HandshakeAllThreads (Deoptimize)
Event: 117.443 Executing VM operation: HandshakeAllThreads (Deoptimize) done
Event: 117.894 Executing VM operation: G1CollectForAllocation (G1 Evacuation Pause)
Event: 117.908 Executing VM operation: G1CollectForAllocation (G1 Evacuation Pause) done
Event: 118.645 Executing VM operation: HandshakeAllThreads (Deoptimize)
Event: 118.645 Executing VM operation: HandshakeAllThreads (Deoptimize) done

Memory protections (0 events):
No events

Nmethod flushes (20 events):
Event: 19.381 Thread 0x00000180536636d0 flushing  nmethod 0x0000018049443690
Event: 19.381 Thread 0x00000180536636d0 flushing  nmethod 0x00000180494e2290
Event: 19.381 Thread 0x00000180536636d0 flushing  nmethod 0x00000180494e2610
Event: 19.381 Thread 0x00000180536636d0 flushing  nmethod 0x00000180495fa910
Event: 19.381 Thread 0x00000180536636d0 flushing  nmethod 0x000001804979d490
Event: 19.381 Thread 0x00000180536636d0 flushing  nmethod 0x0000018049924310
Event: 19.381 Thread 0x00000180536636d0 flushing  nmethod 0x0000018049948210
Event: 19.381 Thread 0x00000180536636d0 flushing  nmethod 0x000001804995da10
Event: 19.381 Thread 0x00000180536636d0 flushing  nmethod 0x000001804995de10
Event: 19.381 Thread 0x00000180536636d0 flushing  nmethod 0x000001804995e290
Event: 19.381 Thread 0x00000180536636d0 flushing  nmethod 0x000001804995e610
Event: 19.381 Thread 0x00000180536636d0 flushing  nmethod 0x000001804995e990
Event: 19.381 Thread 0x00000180536636d0 flushing  nmethod 0x000001804909c990
Event: 19.381 Thread 0x00000180536636d0 flushing  nmethod 0x000001804909d510
Event: 19.381 Thread 0x00000180536636d0 flushing  nmethod 0x00000180491eef10
Event: 19.381 Thread 0x00000180536636d0 flushing  nmethod 0x000001804949fa90
Event: 19.381 Thread 0x00000180536636d0 flushing  nmethod 0x00000180498b2490
Event: 19.381 Thread 0x00000180536636d0 flushing  nmethod 0x0000018049942410
Event: 19.381 Thread 0x00000180536636d0 flushing  nmethod 0x0000018049775310
Event: 19.381 Thread 0x00000180536636d0 flushing  nmethod 0x0000018049b3fc90

Events (20 events):
Event: 14.540 Thread 0x000001803e28b280 Thread added: 0x00000180a2711000
Event: 14.565 Thread 0x000001803e28b280 Thread exited: 0x000001803e28b280
Event: 14.566 Thread 0x00000180a2711690 Thread added: 0x00000180a2711690
Event: 14.714 Thread 0x000001809996e6b0 Thread added: 0x00000180a2711d20
Event: 14.718 Thread 0x00000180a2711d20 Thread exited: 0x00000180a2711d20
Event: 14.719 Thread 0x00000180998ecaf0 Thread added: 0x00000180a2711d20
Event: 14.725 Thread 0x00000180a2711d20 Thread exited: 0x00000180a2711d20
Event: 14.727 Thread 0x00000180998ecaf0 Thread added: 0x00000180a270f5c0
Event: 14.732 Thread 0x00000180a270f5c0 Thread exited: 0x00000180a270f5c0
Event: 17.392 Thread 0x000001809ce4da10 Thread exited: 0x000001809ce4da10
Event: 18.487 Thread 0x00000180537ca980 Thread added: 0x000001809ce4da10
Event: 21.152 Thread 0x000001809ce4da10 Thread exited: 0x000001809ce4da10
Event: 22.886 Thread 0x00000180537ca980 Thread exited: 0x00000180537ca980
Event: 117.593 Thread 0x000001809c0f03a0 Thread added: 0x00000180a2cdbad0
Event: 117.594 Thread 0x000001809c0f03a0 Thread added: 0x00000180a2cddba0
Event: 117.601 Thread 0x000001809c0f03a0 Thread added: 0x00000180a2cdc7f0
Event: 117.603 Thread 0x000001809c0f03a0 Thread added: 0x00000180a2cdb440
Event: 117.604 Thread 0x000001809c0f03a0 Thread added: 0x00000180a2cda720
Event: 117.604 Thread 0x000001809c0f03a0 Thread added: 0x00000180a2cdadb0
Event: 118.554 Thread 0x0000018053693250 Thread added: 0x000001809ce4da10


Dynamic libraries:
0x00007ff7d9ba0000 - 0x00007ff7d9bae000 	C:\Users\User\.jdks\ms-21.0.7\bin\java.exe
0x00007ffcb8b20000 - 0x00007ffcb8d87000 	C:\WINDOWS\SYSTEM32\ntdll.dll
0x00007ffc734b0000 - 0x00007ffc734d1000 	C:\Program Files\Avast Software\Avast\aswhook.dll
0x00007ffcb80d0000 - 0x00007ffcb819a000 	C:\WINDOWS\System32\KERNEL32.DLL
0x00007ffcb5e10000 - 0x00007ffcb6212000 	C:\WINDOWS\System32\KERNELBASE.dll
0x00007ffcb6220000 - 0x00007ffcb636c000 	C:\WINDOWS\System32\ucrtbase.dll
0x00007ffc9def0000 - 0x00007ffc9df08000 	C:\Users\User\.jdks\ms-21.0.7\bin\jli.dll
0x00007ffcb7d90000 - 0x00007ffcb7f5f000 	C:\WINDOWS\System32\USER32.dll
0x00007ffcb5d30000 - 0x00007ffcb5d57000 	C:\WINDOWS\System32\win32u.dll
0x00007ffcb75c0000 - 0x00007ffcb75eb000 	C:\WINDOWS\System32\GDI32.dll
0x00007ffc97720000 - 0x00007ffc9773d000 	C:\Users\User\.jdks\ms-21.0.7\bin\VCRUNTIME140.dll
0x00007ffcb6720000 - 0x00007ffcb6849000 	C:\WINDOWS\System32\gdi32full.dll
0x00007ffcb5d60000 - 0x00007ffcb5e03000 	C:\WINDOWS\System32\msvcp_win.dll
0x00007ffc978e0000 - 0x00007ffc97b70000 	C:\WINDOWS\WinSxS\amd64_microsoft.windows.common-controls_6595b64144ccf1df_6.0.26100.9278_none_3e0d1ba8e3303201\COMCTL32.dll
0x00007ffcb8250000 - 0x00007ffcb82f9000 	C:\WINDOWS\System32\msvcrt.dll
0x00007ffcb8400000 - 0x00007ffcb8431000 	C:\WINDOWS\System32\IMM32.DLL
0x00007ffc89d00000 - 0x00007ffc89df2000 	C:\Program Files\Windhawk\Engine\1.6.1\64\windhawk.dll
0x00007ffcb6f10000 - 0x00007ffcb6fcc000 	C:\WINDOWS\System32\ADVAPI32.dll
0x00007ffcb81a0000 - 0x00007ffcb8249000 	C:\WINDOWS\System32\sechost.dll
0x00007ffcb6850000 - 0x00007ffcb6968000 	C:\WINDOWS\System32\RPCRT4.dll
0x00007ffca27b0000 - 0x00007ffca27bc000 	C:\Users\User\.jdks\ms-21.0.7\bin\vcruntime140_1.dll
0x00007ffc5d1e0000 - 0x00007ffc5d26d000 	C:\Users\User\.jdks\ms-21.0.7\bin\msvcp140.dll
0x00007ffc53570000 - 0x00007ffc54308000 	C:\Users\User\.jdks\ms-21.0.7\bin\server\jvm.dll
0x00007ffcb8310000 - 0x00007ffcb8390000 	C:\WINDOWS\System32\WS2_32.dll
0x00007ffcb59d0000 - 0x00007ffcb5a2e000 	C:\WINDOWS\SYSTEM32\POWRPROF.dll
0x00007ffcae540000 - 0x00007ffcae576000 	C:\WINDOWS\SYSTEM32\WINMM.dll
0x00007ffcaf130000 - 0x00007ffcaf13b000 	C:\WINDOWS\SYSTEM32\VERSION.dll
0x00007ffcb59a0000 - 0x00007ffcb59b5000 	C:\WINDOWS\SYSTEM32\UMPDC.dll
0x00007ffcb49c0000 - 0x00007ffcb49db000 	C:\WINDOWS\SYSTEM32\kernel.appcore.dll
0x00007ffca1900000 - 0x00007ffca190a000 	C:\Users\User\.jdks\ms-21.0.7\bin\jimage.dll
0x00007ffca8fe0000 - 0x00007ffca9222000 	C:\WINDOWS\SYSTEM32\DBGHELP.DLL
0x00007ffcb6fe0000 - 0x00007ffcb7364000 	C:\WINDOWS\System32\combase.dll
0x00007ffcb8630000 - 0x00007ffcb8709000 	C:\WINDOWS\System32\OLEAUT32.dll
0x00007ffca7400000 - 0x00007ffca743b000 	C:\WINDOWS\SYSTEM32\dbgcore.DLL
0x00007ffcb6380000 - 0x00007ffcb642c000 	C:\WINDOWS\System32\bcryptPrimitives.dll
0x00007ffca1740000 - 0x00007ffca174f000 	C:\Users\User\.jdks\ms-21.0.7\bin\instrument.dll
0x00007ffc723f0000 - 0x00007ffc72410000 	C:\Users\User\.jdks\ms-21.0.7\bin\java.dll
0x00007ffcb75f0000 - 0x00007ffcb7d88000 	C:\WINDOWS\System32\SHELL32.dll
0x00007ffcb3770000 - 0x00007ffcb401e000 	C:\WINDOWS\SYSTEM32\windows.storage.dll
0x00007ffcb6e10000 - 0x00007ffcb6f0b000 	C:\WINDOWS\System32\SHCORE.dll
0x00007ffcb74f0000 - 0x00007ffcb7556000 	C:\WINDOWS\System32\shlwapi.dll
0x00007ffcb5c50000 - 0x00007ffcb5c79000 	C:\WINDOWS\SYSTEM32\profapi.dll
0x00007ffc70960000 - 0x00007ffc70978000 	C:\Users\User\.jdks\ms-21.0.7\bin\zip.dll
0x00007ffca1640000 - 0x00007ffca1650000 	C:\Users\User\.jdks\ms-21.0.7\bin\net.dll
0x00007ffcaad40000 - 0x00007ffcaae6a000 	C:\WINDOWS\SYSTEM32\WINHTTP.dll
0x00007ffcb4f60000 - 0x00007ffcb4fcc000 	C:\WINDOWS\system32\mswsock.dll
0x00007ffc6fd20000 - 0x00007ffc6fd36000 	C:\Users\User\.jdks\ms-21.0.7\bin\nio.dll
0x00007ffcb4400000 - 0x00007ffcb4558000 	C:\WINDOWS\SYSTEM32\DNSAPI.dll
0x00007ffcb4d80000 - 0x00007ffcb4d8d000 	C:\WINDOWS\SYSTEM32\DSPARSE.dll
0x00007ffcb4370000 - 0x00007ffcb43a3000 	C:\WINDOWS\SYSTEM32\IPHLPAPI.DLL
0x00007ffcb8300000 - 0x00007ffcb830a000 	C:\WINDOWS\System32\NSI.dll
0x00007ffcadfc0000 - 0x00007ffcadfcb000 	C:\Windows\System32\rasadhlp.dll
0x00007ffca9da0000 - 0x00007ffca9e26000 	C:\WINDOWS\System32\fwpuclnt.dll
0x00007ffc8ad80000 - 0x00007ffc8ad89000 	C:\Users\User\.jdks\ms-21.0.7\bin\extnet.dll
0x00007ffca01f0000 - 0x00007ffca01fa000 	C:\Users\User\.jdks\ms-21.0.7\bin\management.dll
0x00007ffc8adf0000 - 0x00007ffc8adfb000 	C:\Users\User\.jdks\ms-21.0.7\bin\management_ext.dll
0x00007ffcb6e00000 - 0x00007ffcb6e08000 	C:\WINDOWS\System32\PSAPI.DLL
0x00007ffcb5380000 - 0x00007ffcb539b000 	C:\WINDOWS\SYSTEM32\CRYPTSP.dll
0x00007ffcb4920000 - 0x00007ffcb4959000 	C:\WINDOWS\system32\rsaenh.dll
0x00007ffcb5010000 - 0x00007ffcb5044000 	C:\WINDOWS\SYSTEM32\USERENV.dll
0x00007ffcb5c20000 - 0x00007ffcb5c4a000 	C:\WINDOWS\SYSTEM32\bcrypt.dll
0x00007ffcb51c0000 - 0x00007ffcb51cc000 	C:\WINDOWS\SYSTEM32\CRYPTBASE.dll
0x00007ffc88f70000 - 0x00007ffc88f88000 	C:\WINDOWS\system32\napinsp.dll
0x00007ffc88f50000 - 0x00007ffc88f63000 	C:\WINDOWS\System32\winrnr.dll
0x00007ffc88f20000 - 0x00007ffc88f47000 	C:\WINDOWS\system32\nlansp_c.dll
0x00007ffca9d60000 - 0x00007ffca9d76000 	C:\WINDOWS\system32\wshbth.dll
0x00007ffc98780000 - 0x00007ffc987d8000 	C:\WINDOWS\SYSTEM32\pdh.dll
0x00007ffca31b0000 - 0x00007ffca31c2000 	C:\WINDOWS\System32\perfproc.dll
0x00007ffc84870000 - 0x00007ffc84881000 	C:\WINDOWS\System32\perfos.dll
0x00007ffcb2dd0000 - 0x00007ffcb2de2000 	C:\WINDOWS\SYSTEM32\pfclient.dll
0x00007ffc7fb90000 - 0x00007ffc7fb9e000 	C:\Users\User\.jdks\ms-21.0.7\bin\sunmscapi.dll
0x00007ffcb6440000 - 0x00007ffcb65be000 	C:\WINDOWS\System32\CRYPT32.dll
0x00007ffcb5560000 - 0x00007ffcb5590000 	C:\WINDOWS\SYSTEM32\ncrypt.dll
0x00007ffcb5510000 - 0x00007ffcb554f000 	C:\WINDOWS\SYSTEM32\NTASN1.dll
0x00007ffcaaf50000 - 0x00007ffcaaf6d000 	C:\WINDOWS\SYSTEM32\dhcpcsvc6.DLL
0x00007ffcaabb0000 - 0x00007ffcaabd5000 	C:\WINDOWS\SYSTEM32\dhcpcsvc.DLL
0x00007ffcad640000 - 0x00007ffcad648000 	C:\WINDOWS\system32\wshunix.dll
0x00007ffc2a4c0000 - 0x00007ffc2a915000 	C:\Users\User\AppData\Local\Temp\netty_quiche42_windows_x86_642358489619126785566.dll

dbghelp: loaded successfully - version: 4.0.5 - missing functions: none
symbol engine: initialized successfully - sym options: 0x614 - pdb path: .;C:\Users\User\.jdks\ms-21.0.7\bin;C:\WINDOWS\SYSTEM32;C:\Program Files\Avast Software\Avast;C:\WINDOWS\WinSxS\amd64_microsoft.windows.common-controls_6595b64144ccf1df_6.0.26100.9278_none_3e0d1ba8e3303201;C:\Program Files\Windhawk\Engine\1.6.1\64;C:\Users\User\.jdks\ms-21.0.7\bin\server;C:\Users\User\AppData\Local\Temp

VM Arguments:
jvm_args: -XX:TieredStopAtLevel=1 -Dspring.output.ansi.enabled=always -Dcom.sun.management.jmxremote -Dspring.jmx.enabled=true -Dspring.liveBeansView.mbeanDomain -Dspring.application.admin.enabled=true -Dmanagement.endpoints.jmx.exposure.include=* -javaagent:C:\Program Files\JetBrains\IntelliJ IDEA 2026.2.1\lib\idea_rt.jar=62057 -Dfile.encoding=UTF-8 -Dsun.stdout.encoding=UTF-8 -Dsun.stderr.encoding=UTF-8 
java_command: br.com.cinecrew.cinecrew.CineCrewApplication
java_class_path (initial): C:\Users\User\Downloads\Java Advanced\projects\cine-crew\build\classes\java\main;C:\Users\User\Downloads\Java Advanced\projects\cine-crew\build\resources\main;C:\Users\User\.gradle\caches\modules-2\files-2.1\org.projectlombok\lombok\1.18.46\a5cfe99fdf320e84955ef653f2ce1bf789d11385\lombok-1.18.46.jar;C:\Users\User\.gradle\caches\modules-2\files-2.1\org.springframework.boot\spring-boot-starter-data-jpa\4.1.0\252e31911d5042a8ae811ad9bfc3e18ec4ac42a5\spring-boot-starter-data-jpa-4.1.0.jar;C:\Users\User\.gradle\caches\modules-2\files-2.1\org.springframework.boot\spring-boot-starter-data-redis\4.1.0\efdaaedff624a7f406d53d2d945ee71676d7759a\spring-boot-starter-data-redis-4.1.0.jar;C:\Users\User\.gradle\caches\modules-2\files-2.1\org.springframework.boot\spring-boot-starter-cache\4.1.0\a1eeb694e80f3be4702f0f71643930386e68cc69\spring-boot-starter-cache-4.1.0.jar;C:\Users\User\.gradle\caches\modules-2\files-2.1\org.springframework.boot\spring-boot-starter-flyway\4.1.0\a8fe173471dd09bbec901b16a91413863ef0b2d8\spring-boot-starter-flyway-4.1.0.jar;C:\Users\User\.gradle\caches\modules-2\files-2.1\org.springframework.boot\spring-boot-starter-security-oauth2-client\4.1.0\4dd99ecda3d7f597e1e71a1aac3019b08de0a9e3\spring-boot-starter-security-oauth2-client-4.1.0.jar;C:\Users\User\.gradle\caches\modules-2\files-2.1\org.springframework.boot\spring-boot-starter-security-oauth2-resource-server\4.1.0\b3f954039edd18c1dcc6398f67b2ee5250e33d76\spring-boot-starter-security-oauth2-resource-server-4.1.0.jar;C:\Users\User\.gradle\caches\modules-2\files-2.1\org.springframework.boot\spring-boot-starter-security\4.1.0\6993d3e5d7bcc0fb4e8e6aab775bc25b197ef814\spring-boot-starter-security-4.1.0.jar;C:\Users\User\.gradle\caches\modules-2\files-2.1\org.springframework.boot\spring-boot-starter-validation\4.1.0\36c16acdbe1b86463616aeb218f18764c9baff2d\spring-boot-starter-validation-4.1.0.jar;C:\Users\User\.gradle\caches\modules-2\files-2.1\org.springframework.boot\spring-boot-starter-webmvc\4.1.0\bbde05100fc621297f7dcb5246f631e5af390ef7\spring-boot-starter-webmvc-4.1.0.jar;C:\Users\User\.gradle\caches\modules-2\files-2.1\org.flywaydb\flyway-database-postgresql\12.4.0\90fc8dc92bef70c143c4112ad6658f29eea437fd\flyway-database-postgresql-12.4.0.jar;C:\Users\User\.gradle\caches\modules-2\files-2.1\org.springframework.ai\spring-ai-starter-model-openai\2.0.0\dcaa64f61c376ebc34ed6580cc6d78110a4d7206\spring-ai-starter-model-openai-2.0.0.jar;C:\Users\User\.gradle\caches\modules-2\files-2.1\org.springdoc\springdoc-openapi-starter-webmvc-ui\3.1.0\2c0f10ae1f33e4125f42b3fb777b962690b86f67\springdoc-openapi-starter-webmvc-ui-3.1.0.jar;C:\Users\User\.gradle\caches\modules-2\files-2.1\org.springframework.boot\spring-boot-starter-jdbc\4.1.0\aa7c6585dd28891cb052d95606776076b5445df2\spring-boot-starter-jdbc-4.1.0.jar;C:\Users\User\.gradle\caches\modules-2\files-2.1\org.springframework.boot\spring-boot-starter\4.1.0\4d1f5fcf982ec75223a3ee44169e268b6dd044f7\spring-boot-starter-4.1.0.jar;C:\Users\User\.gradle\caches\modules-2\files-2.1\org.springframework.boot\spring-boot-data-jpa\4.1.0\d29dbdc6734afe2f4d5c56cf3112c491c3582642\spring-boot-data-jpa-4.1.0.jar;C:\Users\User\.gradle\caches\modules-2\files-2.1\org.springframework.boot\spring-boot-jdbc\4.1.0\71f00c6af0ae910530d9fce8f5ae6e54c595f690\spring-boot-jdbc-4.1.0.jar;C:\Users\User\.gradle\caches\modules-2\files-2.1\org.springframework.boot\spring-boot-data-redis\4.1.0\ae52af2d818ca43d61c486e5cff5d0e81d545c4c\spring-boot-data-redis-4.1.0.jar;C:\Users\User\.gradle\caches\modules-2\files-2.1\org.springframework\spring-messaging\7.0.8\2379224f4c36aeaeceb706750138b8ca9d265916\spring-messaging-7.0.8.jar;C:\Users\User\.gradle\caches\modules-2\files-2.1\org.springframework.boot\spring-boot-cache\4.1.0\ed94c2d47058204b56f7ba43aed55331fb898bba\spring-boot-cache-4.1.0.jar;C:\Users\User\.gradle\caches\modules-2\files-2.1\org.springframework.boot\spring-boot-flyway\4.1.0\a1420738bee6834c52cb9bf7ce66935c6ac98a75\spring-boot-flyway-4.1.0.jar;C:\Users\User\.gradle\caches\modules-2\files-2.1\org.springframework.boot\spring-boot-security-oauth2-client\4.1.0\57d25a244fed8b72a002f190c41f0bac503015bf\spring-boot-security-oauth2-client-4.1.0.jar;C:\Users\User\.gradle\caches\modules-2\files-2.1\org.springframework.security\spring-security-oauth2-jose\7.1.0\3eab5ef514bc737519bf294d535c920a331678a4\spring-security-oauth2-jose-7.1.0.jar;C:\Users\User\.gradle\caches\modules-2\files-2.1\org.springframework.boot\spring-boot-security-oauth2-resource-server\4.1.0\1b3379485adbb08b65511882d58c31a0c51d57b9\spring-boot-security-oauth2-resource-server-4.1.0.jar;C:\Users\User\.gradle\caches\modules-2\files-2.1\org.springframework.boot\spring-boot-security\4.1.0\1fe5f10c43305d43d8ac22ae5b721010f4394449\spring-boot-security-4.1.0.jar;C:\Users\User\.gradle\caches\modules-2\files-2.1\org.springframework\spring-aop\7.0.8\b73e58e9b7dbc4db6b4ebbe3336be0e901b0d261\spring-aop-7.0.8.jar;C:\Users\User\.gradle\caches\modules-2\files-2.1\org.springframework.boot\spring-boot-validation\4.1.0\fcd0b07c0c7e29f42e495f91710154dbc81d2c8c\spring-boot-validation-4.1.0.jar;C:\Users\User\.gradle\caches\modules-2\files-2.1\org.springframework.boot\spring-boot-starter-jackson\4.1.0\2feada57005e69f8d939815af7400b43f2c07b9e\spring-boot-starter-jackson-4.1.0.jar;C:\Users\User\.gradle\caches\modules-2\files-2.1\org.springframework.boot\spring-boot-starter-tomcat\4.1.0\6dbb6ad6bb33b7f1ce15a5822cfd1443966245e0\spring-boot-starter-tomcat-4.1.0.jar;C:\Users\User\.gradle\caches\modules-2\files-2.1\org.springframework.boot\spring-boot-webmvc\4.1.0\2cb542ef7d4fa572d3031616544db20b6f7de4c7\spring-boot-webmvc-4.1.0.jar;C:\Users\User\.gradle\caches\modules-2\files-2.1\org.springframework.boot\spring-boot-http-converter\4.1.0\c3b90921e920dfa7dcb78a5045f18ca0e4bc0b44\spring-boot-http-converter-4.1.0.jar;C:\Users\User\.gradle\caches\modules-2\files-2.1\org.flywaydb\flyway-core\12.4.0\8dfd90404bb9b6fd4727c67ccbe9a7dfa20c0e53\flyway-core-12.4.0.jar;C:\Users\User\.gradle\caches\modules-2\files-2.1\org.springframework.boot\spring-boot-starter-webclient\4.1.0\256c4bc3fda202a967a349562bcb501062ec67e9\spring-boot-starter-webclient-4.1.0.jar;C:\Users\User\.gradle\caches\modules-2\files-2.1\org.springframework.boot\spring-boot-starter-restclient\4.1.0\2f23541ef00728c2406ba0714ee09d5ea63624c0\spring-boot-starter-restclient-4.1.0.jar;C:\Users\User\.gradle\caches\modules-2\files-2.1\org.springframework.ai\spring-ai-openai\2.0.0\52a4e301cb48beffe7543f196ad4380ab217b87\spring-ai-openai-2.0.0.jar;C:\Users\User\.gradle\caches\modules-2\files-2.1\org.springframework.ai\spring-ai-client-chat\2.0.0\44fc7a2cbad63f2ed933b87a4193520adda82e8\spring-ai-client-chat-2.0.0.jar;C:\Users\User\.gradle\caches\modules-2\files-2.1\org.springframework.ai\spring-ai-autoconfigure-model-openai\2.0.0\a16ed2ab87a1da2bc130f3487962d5903d699f0e\spring-ai-autoconfigure-model-openai-2.0.0.jar;C:\Users\User\.gradle\caches\modules-2\files-2.1\org.springframework.ai\spring-ai-autoconfigure-model-chat-client\2.0.0\d226aa6952da16100f99d4bd5018f81224f1645f\spring-ai-autoconfigure-model-chat-client-2.0.0.jar;C:\Users\User\.gradle\caches\modules-2\files-2.1\org.springframework.ai\spring-ai-autoconfigure-model-chat-memory\2.0.0\89bb220f25a70daefe393f3207a2ec7fa39f76d6\spring-ai-autoconfigure-model-chat-memory-2.0.0.jar;C:\Users\User\.gradle\caches\modules-2\files-2.1\org.jetbrains.kotlin\kotlin-reflect\2.3.21\6acc55c52691ce3fd41b20a0472f3513106521a5\kotlin-reflect-2.3.21.jar;C:\Users\User\.gradle\caches\modules-2\files-2.1\org.springdoc\springdoc-openapi-starter-webmvc-api\3.1.0\7d8f1418900b44b7ce0d4a04fa9945f728f6e660\springdoc-openapi-starter-webmvc-api-3.1.0.jar;C:\Users\User\.gradle\caches\modules-2\files-2.1\org.webjars\swagger-ui\5.32.11\87f61a7e69ca597db9d1825e6c3d03035d74ee26\swagger-ui-5.32.11.jar;C:\Users\User\.gradle\caches\modules-2\files-2.1\org.webjars\webjars-locator-lite\1.1.3\217ce590453251b39b72c4a9af3986998f6fdbd9\webjars-locator-lite-1.1.3.jar;C:\Users\User\.gradle\caches\modules-2\files-2.1\com.zaxxer\HikariCP\7.0.2\c2b43c946b86a14a96342379e22b004c56c6166d\HikariCP-7.0.2.jar;C:\Users\User\.gradle\caches\modules-2\files-2.1\org.springframework.boot\spring-boot-autoconfigure\4.1.0\a921df4e39389e43dacac5615a1185708ee8a960\spring-boot-autoconfigure-4.1.0.jar;C:\Users\User\.gradle\caches\modules-2\files-2.1\org.springframework.boot\spring-boot-starter-logging\4.1.0\f2e2615d9fb27a035a8fc7aef19670769739ae76\spring-boot-starter-logging-4.1.0.jar;C:\Users\User\.gradle\caches\modules-2\files-2.1\jakarta.annotation\jakarta.annotation-api\3.0.0\54f928fadec906a99d558536756d171917b9d936\jakarta.annotation-api-3.0.0.jar;C:\Users\User\.gradle\caches\modules-2\files-2.1\org.yaml\snakeyaml\2.6\2bc14918a2f8d5414749ab12d0c590cd3198b8c1\snakeyaml-2.6.jar;C:\Users\User\.gradle\caches\modules-2\files-2.1\org.springframework.boot\spring-boot-hibernate\4.1.0\af702315125871004a8a7df290f55ac5e5617d91\spring-boot-hibernate-4.1.0.jar;C:\Users\User\.gradle\caches\modules-2\files-2.1\org.springframework.data\spring-data-jpa\4.1.0\6387c88a4a9637f129e0ebcad50ada478ad01c3f\spring-data-jpa-4.1.0.jar;C:\Users\User\.gradle\caches\modules-2\files-2.1\org.springframework.boot\spring-boot-data-commons\4.1.0\3d587cffcde8c18fa784e0486a2c0a8a4728f262\spring-boot-data-commons-4.1.0.jar;C:\Users\User\.gradle\caches\modules-2\files-2.1\org.springframework\spring-aspects\7.0.8\daf535194ee6cd1e1e23c7368c58b5f02fe18f65\spring-aspects-7.0.8.jar;C:\Users\User\.gradle\caches\modules-2\files-2.1\org.springframework.boot\spring-boot-sql\4.1.0\7a5ef86020d10e926b2e98e1d7b4b79258fb2f38\spring-boot-sql-4.1.0.jar;C:\Users\User\.gradle\caches\modules-2\files-2.1\org.springframework.boot\spring-boot-transaction\4.1.0\93b102fb7c2eb6558b8e52fb24f1152c837db3f6\spring-boot-transaction-4.1.0.jar;C:\Users\User\.gradle\caches\modules-2\files-2.1\org.springframework.boot\spring-boot\4.1.0\bcf26d4c27ab080ef60c13220e96a37d687f9e26\spring-boot-4.1.0.jar;C:\Users\User\.gradle\caches\modules-2\files-2.1\org.springframework\spring-jdbc\7.0.8\f979da380cd01fd363510ca98a7f544d1959a914\spring-jdbc-7.0.8.jar;C:\Users\User\.gradle\caches\modules-2\files-2.1\org.springframework.data\spring-data-redis\4.1.0\db3c9ffef46e71f2697d28d8654021220766b4e\spring-data-redis-4.1.0.jar;C:\Users\User\.gradle\caches\modules-2\files-2.1\io.lettuce\lettuce-core\7.5.2.RELEASE\e67339dc0eb3ceac40fad8213cc2750b7944bb75\lettuce-core-7.5.2.RELEASE.jar;C:\Users\User\.gradle\caches\modules-2\files-2.1\org.springframework\spring-beans\7.0.8\829cdf4c82a9409e0e10922b9e57e2ef12d5f04d\spring-beans-7.0.8.jar;C:\Users\User\.gradle\caches\modules-2\files-2.1\org.springframework\spring-core\7.0.8\25f5ebd179f92d7d12779e3761c96da4b0109ad\spring-core-7.0.8.jar;C:\Users\User\.gradle\caches\modules-2\files-2.1\org.springframework\spring-context-support\7.0.8\1c9bd9da34fca09f3423d86f8e33bd9c099232eb\spring-context-support-7.0.8.jar;C:\Users\User\.gradle\caches\modules-2\files-2.1\org.springframework.security\spring-security-oauth2-client\7.1.0\af3acc9013f81baa64cc642794f26d887413dbca\spring-security-oauth2-client-7.1.0.jar;C:\Users\User\.gradle\caches\modules-2\files-2.1\org.springframework.security\spring-security-oauth2-core\7.1.0\800dd6a040aca68767054ae9f24ed031232de078\spring-security-oauth2-core-7.1.0.jar;C:\Users\User\.gradle\caches\modules-2\files-2.1\org.springframework.security\spring-security-core\7.1.0\50064b46aed22d05aa181b2c95d47989c7c99160\spring-security-core-7.1.0.jar;C:\Users\User\.gradle\caches\modules-2\files-2.1\com.nimbusds\nimbus-jose-jwt\10.9\59fa8df26e59665566d9795036e005d149d1fcf3\nimbus-jose-jwt-10.9.jar;C:\Users\User\.gradle\caches\modules-2\files-2.1\org.springframework.security\spring-security-oauth2-resource-server\7.1.0\2eeb077b77198fb55f31dd77aea6c35822fd83d0\spring-security-oauth2-resource-server-7.1.0.jar;C:\Users\User\.gradle\caches\modules-2\files-2.1\org.springframework.security\spring-security-config\7.1.0\ebc863ad43703c6f5517881e16d3d73de80cd193\spring-security-config-7.1.0.jar;C:\Users\User\.gradle\caches\modules-2\files-2.1\org.springframework.security\spring-security-web\7.1.0\cec1635393d11a56da5ff111253c88056d5cc0eb\spring-security-web-7.1.0.jar;C:\Users\User\.gradle\caches\modules-2\files-2.1\org.apache.tomcat.embed\tomcat-embed-el\11.0.22\db92447e16c3561e9ca7bf9311b6b6389816699e\tomcat-embed-el-11.0.22.jar;C:\Users\User\.gradle\caches\modules-2\files-2.1\org.hibernate.validator\hibernate-validator\9.1.0.Final\53505ad984428ab42b4a4f3456aab9ec343bf2f2\hibernate-validator-9.1.0.Final.jar;C:\Users\User\.gradle\caches\modules-2\files-2.1\org.springframework.boot\spring-boot-jackson\4.1.0\bada14f54b1961279f9942c54b5039c90cd6a252\spring-boot-jackson-4.1.0.jar;C:\Users\User\.gradle\caches\modules-2\files-2.1\org.springframework.boot\spring-boot-starter-tomcat-runtime\4.1.0\6107a851e178c1233b64634270b11b8d5490733a\spring-boot-starter-tomcat-runtime-4.1.0.jar;C:\Users\User\.gradle\caches\modules-2\files-2.1\org.springframework.boot\spring-boot-tomcat\4.1.0\502aeed70cb11c3754c365324acd9f3ee746354\spring-boot-tomcat-4.1.0.jar;C:\Users\User\.gradle\caches\modules-2\files-2.1\org.springframework\spring-webmvc\7.0.8\d08172cf66f9625a42935d596ca4c83d21265996\spring-webmvc-7.0.8.jar;C:\Users\User\.gradle\caches\modules-2\files-2.1\org.springframework.boot\spring-boot-servlet\4.1.0\a067e9b4b7c255a8587852b6eb842413cc458e70\spring-boot-servlet-4.1.0.jar;C:\Users\User\.gradle\caches\modules-2\files-2.1\org.springframework\spring-web\7.0.8\d7cddac31ee023d25d37f48e2ff0e168cf635c14\spring-web-7.0.8.jar;C:\Users\User\.gradle\caches\modules-2\files-2.1\tools.jackson.core\jackson-databind\3.1.4\c7be3c757289893a791b2a4967ec09d1a8b6c576\jackson-databind-3.1.4.jar;C:\Users\User\.gradle\caches\modules-2\files-2.1\org.springframework.boot\spring-boot-reactor\4.1.0\ee027263323ff1b7bc31c41b83d5ae3082a9567c\spring-boot-reactor-4.1.0.jar;C:\Users\User\.gradle\caches\modules-2\files-2.1\org.springframework.boot\spring-boot-webclient\4.1.0\1b2410d96fb0dc6d2032ed077f3a2bfa2e652210\spring-boot-webclient-4.1.0.jar;C:\Users\User\.gradle\caches\modules-2\files-2.1\io.projectreactor.netty\reactor-netty-http\1.3.6\fc29755df1a749bb639e99c9d9eb21f083940b64\reactor-netty-http-1.3.6.jar;C:\Users\User\.gradle\caches\modules-2\files-2.1\org.springframework.boot\spring-boot-restclient\4.1.0\d3f9fadf2847b18b7a5438d7737be3b041fe168e\spring-boot-restclient-4.1.0.jar;C:\Users\User\.gradle\caches\modules-2\files-2.1\org.springframework.ai\spring-ai-model\2.0.0\8bbf944ff0acc37f5d3d3546fef7d590c6a1681\spring-ai-model-2.0.0.jar;C:\Users\User\.gradle\caches\modules-2\files-2.1\com.openai\openai-java-core\4.39.1\d3383b1a8fb7becb4fb921bd68cbca7c82b503e5\openai-java-core-4.39.1.jar;C:\Users\User\.gradle\caches\modules-2\files-2.1\com.squareup.okhttp3\okhttp\4.12.0\2f4525d4a200e97e1b87449c2cd9bd2e25b7e8cd\okhttp-4.12.0.jar;C:\Users\User\.gradle\caches\modules-2\files-2.1\io.micrometer\micrometer-core\1.17.0\b71d95b2819c5959bedf186e9a667e932b573dad\micrometer-core-1.17.0.jar;C:\Users\User\.gradle\caches\modules-2\files-2.1\io.micrometer\context-propagation\1.2.1\8951419f78e7bc7e0db246cd9d987d254b014e29\context-propagation-1.2.1.jar;C:\Users\User\.gradle\caches\modules-2\files-2.1\org.springframework\spring-context\7.0.8\6c58b590fd8d71afc36797cf6555e82500f1eb64\spring-context-7.0.8.jar;C:\Users\User\.gradle\caches\modules-2\files-2.1\com.networknt\json-schema-validator\3.0.1\c376290e5c7a3f95d36d8ad1679e18bfb42ed90d\json-schema-validator-3.0.1.jar;C:\Users\User\.gradle\caches\modules-2\files-2.1\com.github.victools\jsonschema-generator\5.0.0\c3db83983c3bf81a2ea7da29c9cb35dfe3c87594\jsonschema-generator-5.0.0.jar;C:\Users\User\.gradle\caches\modules-2\files-2.1\io.swagger.core.v3\swagger-annotations-jakarta\2.2.52\3806bb2a46610b20b5841c7f711b2d660ca5848\swagger-annotations-jakarta-2.2.52.jar;C:\Users\User\.gradle\caches\modules-2\files-2.1\com.github.victools\jsonschema-module-swagger-2\5.0.0\abddfdd7ec7337b483ace47449e7d638582c3242\jsonschema-module-swagger-2-5.0.0.jar;C:\Users\User\.gradle\caches\modules-2\files-2.1\io.projectreactor\reactor-core\3.8.6\76285d63d5da4ed8679357628dd5309b0feb77ff\reactor-core-3.8.6.jar;C:\Users\User\.gradle\caches\modules-2\files-2.1\com.knuddels\jtokkit\1.1.0\b7370f801db3eb8c7c6a2c2c06231909ac6de0b0\jtokkit-1.1.0.jar;C:\Users\User\.gradle\caches\modules-2\files-2.1\org.springframework.ai\spring-ai-autoconfigure-model-tool\2.0.0\4e4bedb19a8257c606cc658ca0c3a65885ebb504\spring-ai-autoconfigure-model-tool-2.0.0.jar;C:\Users\User\.gradle\caches\modules-2\files-2.1\org.springframework.ai\spring-ai-autoconfigure-retry\2.0.0\2c8cf36453cb2e0a35817d27e4b91de31c749efb\spring-ai-autoconfigure-retry-2.0.0.jar;C:\Users\User\.gradle\caches\modules-2\files-2.1\org.springframework.ai\spring-ai-autoconfigure-model-chat-observation\2.0.0\559be3a554f09527eb9143c9893a77835d5927d9\spring-ai-autoconfigure-model-chat-observation-2.0.0.jar;C:\Users\User\.gradle\caches\modules-2\files-2.1\org.springframework.ai\spring-ai-autoconfigure-model-embedding-observation\2.0.0\7df6d6c8a1adfd314836f0c5872f847bfd6dbc82\spring-ai-autoconfigure-model-embedding-observation-2.0.0.jar;C:\Users\User\.gradle\caches\modules-2\files-2.1\org.springframework.ai\spring-ai-autoconfigure-model-image-observation\2.0.0\240c5b8c7752144e6494cc794eb34ace1cacee9b\spring-ai-autoconfigure-model-image-observation-2.0.0.jar;C:\Users\User\.gradle\caches\modules-2\files-2.1\org.jetbrains.kotlin\kotlin-stdlib\2.3.21\a2ee2c4e220fee522f0451b723bab2a43f3481a7\kotlin-stdlib-2.3.21.jar;C:\Users\User\.gradle\caches\modules-2\files-2.1\org.springdoc\springdoc-openapi-starter-common\3.1.0\47a9cf5e6c2623214b9676c49f9e774b9849dd63\springdoc-openapi-starter-common-3.1.0.jar;C:\Users\User\.gradle\caches\modules-2\files-2.1\org.springframework.boot\spring-boot-web-server\4.1.0\e67513b382c2cef7b8bc364e8e85cd7f0940e331\spring-boot-web-server-4.1.0.jar;C:\Users\User\.gradle\caches\modules-2\files-2.1\org.jspecify\jspecify\1.0.0\7425a601c1c7ec76645a78d22b8c6a627edee507\jspecify-1.0.0.jar;C:\Users\User\.gradle\caches\modules-2\files-2.1\org.slf4j\slf4j-api\2.0.18\78a9e7a37cd6360e0b818e86341b24123d28d4df\slf4j-api-2.0.18.jar;C:\Users\User\.gradle\caches\modules-2\files-2.1\org.apache.logging.log4j\log4j-to-slf4j\2.25.4\68df56640a5d245192e91bd2ac89e504b477cc10\log4j-to-slf4j-2.25.4.jar;C:\Users\User\.gradle\caches\modules-2\files-2.1\ch.qos.logback\logback-classic\1.5.34\e598899bad5824511cd3019299254230468e1fa2\logback-classic-1.5.34.jar;C:\Users\User\.gradle\caches\modules-2\files-2.1\org.slf4j\jul-to-slf4j\2.0.18\79739c98001d5c9d078d087d5a348ec9e474ec8f\jul-to-slf4j-2.0.18.jar;C:\Users\User\.gradle\caches\modules-2\files-2.1\org.springframework.boot\spring-boot-jpa\4.1.0\bf645cdf194c71f829225793a5d6545d9dfe96ae\spring-boot-jpa-4.1.0.jar;C:\Users\User\.gradle\caches\modules-2\files-2.1\org.springframework\spring-orm\7.0.8\8c40fad8ecc72337353818da54ef2d104b3fa7a9\spring-orm-7.0.8.jar;C:\Users\User\.gradle\caches\modules-2\files-2.1\org.hibernate.orm\hibernate-core\7.4.1.Final\b405096e4aa04ff9c99a3e6e632eb2b8d252e1f1\hibernate-core-7.4.1.Final.jar;C:\Users\User\.gradle\caches\modules-2\files-2.1\org.springframework.data\spring-data-commons\4.1.0\e8d1077d09c20e9ecf3574a72ce5cc90a29b902a\spring-data-commons-4.1.0.jar;C:\Users\User\.gradle\caches\modules-2\files-2.1\org.springframework\spring-tx\7.0.8\96c66acfb3920457421a9cb3648a32e62f42f815\spring-tx-7.0.8.jar;C:\Users\User\.gradle\caches\modules-2\files-2.1\org.antlr\antlr4-runtime\4.13.2\fc3db6d844df652a3d5db31c87fa12757f13691d\antlr4-runtime-4.13.2.jar;C:\Users\User\.gradle\caches\modules-2\files-2.1\org.springframework.boot\spring-boot-persistence\4.1.0\12b6d5aa8a97c458a5c8eba8e8cb0e38e326d9d8\spring-boot-persistence-4.1.0.jar;C:\Users\User\.gradle\caches\modules-2\files-2.1\org.aspectj\aspectjweaver\1.9.25.1\a713c790da4d794c7dfb542b550d4e44898d5e23\aspectjweaver-1.9.25.1.jar;C:\Users\User\.gradle\caches\modules-2\files-2.1\org.springframework.data\spring-data-keyvalue\4.1.0\9ade00273c269ca0d50c4d2d5f564d21a84f94f7\spring-data-keyvalue-4.1.0.jar;C:\Users\User\.gradle\caches\modules-2\files-2.1\org.springframework\spring-oxm\7.0.8\e74c099072565db0552b56691449e52b79f6f23e\spring-oxm-7.0.8.jar;C:\Users\User\.gradle\caches\modules-2\files-2.1\redis.clients.authentication\redis-authx-core\0.1.1-beta2\4037345ff29fb22c737bab2ed116a34262718ae5\redis-authx-core-0.1.1-beta2.jar;C:\Users\User\.gradle\caches\modules-2\files-2.1\io.netty\netty-resolver-dns\4.2.15.Final\1b3eaebe62b905c780e181b5f3fd18c013ca73a4\netty-resolver-dns-4.2.15.Final.jar;C:\Users\User\.gradle\caches\modules-2\files-2.1\io.netty\netty-handler\4.2.15.Final\d5344afd1148e3b9927a74be019605ebb0937a93\netty-handler-4.2.15.Final.jar;C:\Users\User\.gradle\caches\modules-2\files-2.1\io.netty\netty-transport\4.2.15.Final\a000c3a6196ee40207b73ac619dcb339409dd62f\netty-transport-4.2.15.Final.jar;C:\Users\User\.gradle\caches\modules-2\files-2.1\io.netty\netty-common\4.2.15.Final\7222492c1af9c2d4d78d521eea340a619e242fda\netty-common-4.2.15.Final.jar;C:\Users\User\.gradle\caches\modules-2\files-2.1\commons-logging\commons-logging\1.3.6\63e78ca6cd446c0ad166d14f03ed99e7efb3896d\commons-logging-1.3.6.jar;C:\Users\User\.gradle\caches\modules-2\files-2.1\com.nimbusds\oauth2-oidc-sdk\11.37.2\9034768074fa4810a93fa0e9df7293c65b83f83\oauth2-oidc-sdk-11.37.2.jar;C:\Users\User\.gradle\caches\modules-2\files-2.1\org.springframework\spring-expression\7.0.8\bb844eefd513820e356b575d7ea0f7084147af59\spring-expression-7.0.8.jar;C:\Users\User\.gradle\caches\modules-2\files-2.1\io.micrometer\micrometer-observation\1.17.0\2037bdaeb5725bdddb2390cbf93be3c19f8b8b48\micrometer-observation-1.17.0.jar;C:\Users\User\.gradle\caches\modules-2\files-2.1\org.springframework.security\spring-security-crypto\7.1.0\819461a33c5b10b92bb1a125db933a17fc0db792\spring-security-crypto-7.1.0.jar;C:\Users\User\.gradle\caches\modules-2\files-2.1\jakarta.validation\jakarta.validation-api\3.1.1\ec8622148afc5564235d17af80ea80288d0e7f92\jakarta.validation-api-3.1.1.jar;C:\Users\User\.gradle\caches\modules-2\files-2.1\org.jboss.logging\jboss-logging\3.6.3.Final\1cc9f976725720bb4a66f80af3e3aa6b9890d969\jboss-logging-3.6.3.Final.jar;C:\Users\User\.gradle\caches\modules-2\files-2.1\com.fasterxml\classmate\1.7.3\f61c7e7b81e9249b0f6a05914eff9d54fb09f4a0\classmate-1.7.3.jar;C:\Users\User\.gradle\caches\modules-2\files-2.1\org.apache.tomcat.embed\tomcat-embed-websocket\11.0.22\5686ff1ad745491d981d771514027d8fc55aed4f\tomcat-embed-websocket-11.0.22.jar;C:\Users\User\.gradle\caches\modules-2\files-2.1\org.apache.tomcat.embed\tomcat-embed-core\11.0.22\cc7307efaa60c0d31784bf053ec4aa48a404f44b\tomcat-embed-core-11.0.22.jar;C:\Users\User\.gradle\caches\modules-2\files-2.1\tools.jackson.core\jackson-core\3.1.4\f9fd39204bd3d4922b42f6a54b81f46bd8ed575a\jackson-core-3.1.4.jar;C:\Users\User\.gradle\caches\modules-2\files-2.1\com.fasterxml.jackson.core\jackson-annotations\2.21\b1bc1868bf02dc0bd6c7836257a036a331005309\jackson-annotations-2.21.jar;C:\Users\User\.gradle\caches\modules-2\files-2.1\org.springframework.boot\spring-boot-http-client\4.1.0\eb43e8087894445e5e84174c910fbf41453c9f66\spring-boot-http-client-4.1.0.jar;C:\Users\User\.gradle\caches\modules-2\files-2.1\org.springframework\spring-webflux\7.0.8\2b0d4cbfdf7de4fec2d2113b8ff29c23eea225cb\spring-webflux-7.0.8.jar;C:\Users\User\.gradle\caches\modules-2\files-2.1\io.projectreactor.netty\reactor-netty-core\1.3.6\f3dd398789a99982ee3cb4c9a29c31b689173313\reactor-netty-core-1.3.6.jar;C:\Users\User\.gradle\caches\modules-2\files-2.1\io.netty\netty-resolver-dns-native-macos\4.2.15.Final\65b613177fd074641b1effa2e5ee41af4d60c751\netty-resolver-dns-native-macos-4.2.15.Final-osx-x86_64.jar;C:\Users\User\.gradle\caches\modules-2\files-2.1\io.netty\netty-codec-http2\4.2.15.Final\c70540243427c8c952473f55813c6d459817de42\netty-codec-http2-4.2.15.Final.jar;C:\Users\User\.gradle\caches\modules-2\files-2.1\io.netty\netty-codec-http3\4.2.15.Final\39c3e24013ecb21832aebb36609de45c5cb111cd\netty-codec-http3-4.2.15.Final.jar;C:\Users\User\.gradle\caches\modules-2\files-2.1\io.netty\netty-codec-http\4.2.15.Final\e611826aa054371bb9a17f27bdb05755a4cac5f0\netty-codec-http-4.2.15.Final.jar;C:\Users\User\.gradle\caches\modules-2\files-2.1\io.netty\netty-transport-native-epoll\4.2.15.Final\ce256127f8ed3f076756f1f4dcb5877d65d1f1c2\netty-transport-native-epoll-4.2.15.Final-linux-x86_64.jar;C:\Users\User\.gradle\caches\modules-2\files-2.1\org.springframework.ai\spring-ai-template-st\2.0.0\dfaea894eafbbbd15074d8ef182b779f58386a24\spring-ai-template-st-2.0.0.jar;C:\Users\User\.gradle\caches\modules-2\files-2.1\org.springframework.ai\spring-ai-commons\2.0.0\2b586eae199352f3d92fe365612ee503e9f3b4cf\spring-ai-commons-2.0.0.jar;C:\Users\User\.gradle\caches\modules-2\files-2.1\com.github.victools\jsonschema-module-jackson\5.0.0\e378b5df91e566552e36a96990728a45e780b8ee\jsonschema-module-jackson-5.0.0.jar;C:\Users\User\.gradle\caches\modules-2\files-2.1\com.fasterxml.jackson.core\jackson-databind\2.21.4\9e495680be707d466527d734368ebf36e464da2\jackson-databind-2.21.4.jar;C:\Users\User\.gradle\caches\modules-2\files-2.1\com.fasterxml.jackson.core\jackson-core\2.21.4\56a503ba45016714394807ea89f95f5093760089\jackson-core-2.21.4.jar;C:\Users\User\.gradle\caches\modules-2\files-2.1\org.jetbrains.kotlin\kotlin-stdlib-jdk8\2.3.21\82bd61b853e2e3dbb2124b2adc693d9c16557bed\kotlin-stdlib-jdk8-2.3.21.jar;C:\Users\User\.gradle\caches\modules-2\files-2.1\com.google.errorprone\error_prone_annotations\2.38.0\fc0ae991433e8590ba51cd558421478318a74c8c\error_prone_annotations-2.38.0.jar;C:\Users\User\.gradle\caches\modules-2\files-2.1\io.swagger.core.v3\swagger-annotations\2.2.31\6f9ffc1fbfce9d1d37420eef795821353a77b6af\swagger-annotations-2.2.31.jar;C:\Users\User\.gradle\caches\modules-2\files-2.1\io.micrometer\micrometer-commons\1.17.0\2edbb561cdd2b2777fbcd83aa9f2204ebabf592b\micrometer-commons-1.17.0.jar;C:\Users\User\.gradle\caches\modules-2\files-2.1\com.ethlo.time\itu\1.14.0\c0f9f9d4f4404787e992ab3af5ae95f2fad79e47\itu-1.14.0.jar;C:\Users\User\.gradle\caches\modules-2\files-2.1\org.reactivestreams\reactive-streams\1.0.4\3864a1320d97d7b045f729a326e1e077661f31b7\reactive-streams-1.0.4.jar;C:\Users\User\.gradle\caches\modules-2\files-2.1\org.jetbrains\annotations\13.0\919f0dfe192fb4e063e7dacadee7f8bb9a2672a9\annotations-13.0.jar;C:\Users\User\.gradle\caches\modules-2\files-2.1\io.swagger.core.v3\swagger-core-jakarta\2.2.52\a0e9e1f3c23867c1db9a811722b927826419bc2f\swagger-core-jakarta-2.2.52.jar;C:\Users\User\.gradle\caches\modules-2\files-2.1\org.apache.logging.log4j\log4j-api\2.25.4\89ff2217b193fb187b134aa6ebcbfa8a28b018a9\log4j-api-2.25.4.jar;C:\Users\User\.gradle\caches\modules-2\files-2.1\biz.aQute.bnd\biz.aQute.bnd.annotation\7.1.0\2f2be18c936d08cf46ea6cfa0043f34afdf38705\biz.aQute.bnd.annotation-7.1.0.jar;C:\Users\User\.gradle\caches\modules-2\files-2.1\org.osgi\org.osgi.annotation.bundle\2.0.0\f5c2cd6e670c3c5d440d3003efd5ef2ead5c68eb\org.osgi.annotation.bundle-2.0.0.jar;C:\Users\User\.gradle\caches\modules-2\files-2.1\org.osgi\org.osgi.annotation.versioning\1.1.2\dc3cd4ec96c0b3c5459fe00694bd73a816ecf93e\org.osgi.annotation.versioning-1.1.2.jar;C:\Users\User\.gradle\caches\modules-2\files-2.1\ch.qos.logback\logback-core\1.5.34\378692f76c337b3325c15bffb89e013dc1f897b4\logback-core-1.5.34.jar;C:\Users\User\.gradle\caches\modules-2\files-2.1\jakarta.persistence\jakarta.persistence-api\3.2.0\bb75a113f3fa191c2c7ee7b206d8e674251b3129\jakarta.persistence-api-3.2.0.jar;C:\Users\User\.gradle\caches\modules-2\files-2.1\jakarta.transaction\jakarta.transaction-api\2.0.1\51a520e3fae406abb84e2e1148e6746ce3f80a1a\jakarta.transaction-api-2.0.1.jar;C:\Users\User\.gradle\caches\modules-2\files-2.1\io.netty\netty-codec-dns\4.2.15.Final\3da23523d91eaf8af81d2b9080a61d9b1af0762c\netty-codec-dns-4.2.15.Final.jar;C:\Users\User\.gradle\caches\modules-2\files-2.1\io.netty\netty-codec-base\4.2.15.Final\e97149fdd5fb04858efa90e314651c8d700dc68b\netty-codec-base-4.2.15.Final.jar;C:\Users\User\.gradle\caches\modules-2\files-2.1\io.netty\netty-resolver\4.2.15.Final\b961a16d379b508b473e064ba06842bba280f4e3\netty-resolver-4.2.15.Final.jar;C:\Users\User\.gradle\caches\modules-2\files-2.1\io.netty\netty-buffer\4.2.15.Final\2beb620803bf871cda2dd5d46b8f831e8015dd34\netty-buffer-4.2.15.Final.jar;C:\Users\User\.gradle\caches\modules-2\files-2.1\io.netty\netty-transport-native-unix-common\4.2.15.Final\efb6943b4de9e0226a5ac35330f232605424af02\netty-transport-native-unix-common-4.2.15.Final.jar;C:\Users\User\.gradle\caches\modules-2\files-2.1\com.github.stephenc.jcip\jcip-annotations\1.0-1\ef31541dd28ae2cefdd17c7ebf352d93e9058c63\jcip-annotations-1.0-1.jar;C:\Users\User\.gradle\caches\modules-2\files-2.1\com.nimbusds\content-type\2.3\e3aa0be212d7a42839a8f3f506f5b990bcce0222\content-type-2.3.jar;C:\Users\User\.gradle\caches\modules-2\files-2.1\net.minidev\json-smart\2.6.0\5f858a43a325a8673da6869ab2bc787a1bcb2244\json-smart-2.6.0.jar;C:\Users\User\.gradle\caches\modules-2\files-2.1\com.nimbusds\lang-tag\1.7\97c73ecd70bc7e8eefb26c5eea84f251a63f1031\lang-tag-1.7.jar;C:\Users\User\.gradle\caches\modules-2\files-2.1\io.netty\netty-handler-proxy\4.2.15.Final\31e63e04af11da75793ecbfc126d7691b8771d01\netty-handler-proxy-4.2.15.Final.jar;C:\Users\User\.gradle\caches\modules-2\files-2.1\io.netty\netty-resolver-dns-classes-macos\4.2.15.Final\f1aaeafaf3fc1f1f972b27f3728fd6382edfaade\netty-resolver-dns-classes-macos-4.2.15.Final.jar;C:\Users\User\.gradle\caches\modules-2\files-2.1\io.netty\netty-codec-compression\4.2.15.Final\89fc4a20b7ae6af974304b1695405e62c4f9b16d\netty-codec-compression-4.2.15.Final.jar;C:\Users\User\.gradle\caches\modules-2\files-2.1\io.netty\netty-codec-classes-quic\4.2.15.Final\4268161f4676c79e657eda74141c309aaaa2c9a7\netty-codec-classes-quic-4.2.15.Final.jar;C:\Users\User\.gradle\caches\modules-2\files-2.1\io.netty\netty-transport-classes-epoll\4.2.15.Final\44bafba9c9993800e955b365bba4981326f3f3b1\netty-transport-classes-epoll-4.2.15.Final.jar;C:\Users\User\.gradle\caches\modules-2\files-2.1\org.antlr\ST4\4.3.4\bf68d049dd4e6e104055a79ac3bf9e6307d29258\ST4-4.3.4.jar;C:\Users\User\.gradle\caches\modules-2\files-2.1\org.jetbrains.kotlin\kotlin-stdlib-jdk7\2.3.21\fc813375d768ec8d2557b27a73a9878955024a23\kotlin-stdlib-jdk7-2.3.21.jar;C:\Users\User\.gradle\caches\modules-2\files-2.1\com.squareup.okio\okio-jvm\3.6.0\5600569133b7bdefe1daf9ec7f4abeb6d13e1786\okio-jvm-3.6.0.jar;C:\Users\User\.gradle\caches\modules-2\files-2.1\com.fasterxml.jackson.datatype\jackson-datatype-jsr310\2.21.4\51f9ede30826b05cdf8a70b47bc68bd6271dfaaa\jackson-datatype-jsr310-2.21.4.jar;C:\Users\User\.gradle\caches\modules-2\files-2.1\com.fasterxml.jackson.dataformat\jackson-dataformat-yaml\2.21.4\d506a8a96ba24172110aca439e78fd6a38a11799\jackson-dataformat-yaml-2.21.4.jar;C:\Users\User\.gradle\caches\modules-2\files-2.1\io.swagger.core.v3\swagger-models-jakarta\2.2.52\56506ea5ef31546ae741e06532e63c43ca937c56\swagger-models-jakarta-2.2.52.jar;C:\Users\User\.gradle\caches\modules-2\files-2.1\org.apache.commons\commons-lang3\3.20.0\65897b3e5731220962e659e001904af3c3cbeba9\commons-lang3-3.20.0.jar;C:\Users\User\.gradle\caches\modules-2\files-2.1\jakarta.xml.bind\jakarta.xml.bind-api\4.0.5\161811f36cad3c65991502e80317f2f6703361df\jakarta.xml.bind-api-4.0.5.jar;C:\Users\User\.gradle\caches\modules-2\files-2.1\org.osgi\org.osgi.resource\1.0.0\343c88949132984b3f2d4175a72c40b77dc65619\org.osgi.resource-1.0.0.jar;C:\Users\User\.gradle\caches\modules-2\files-2.1\org.osgi\org.osgi.service.serviceloader\1.0.0\3728ff37909c6a3c1870b3e851342d9f2bd3cc63\org.osgi.service.serviceloader-1.0.0.jar;C:\Users\User\.gradle\caches\modules-2\files-2.1\net.minidev\accessors-smart\2.6.0\2d96f1d9b6ab7f13261aa81b15703574185747a0\accessors-smart-2.6.0.jar;C:\Users\User\.gradle\caches\modules-2\files-2.1\io.netty\netty-codec-socks\4.2.15.Final\5d6dc38231104f28b6ba48b77d2f90b93cdb6fe7\netty-codec-socks-4.2.15.Final.jar;C:\Users\User\.gradle\caches\modules-2\files-2.1\org.antlr\antlr-runtime\3.5.3\9011fb189c5ed6d99e5f3322514848d1ec1e1416\antlr-runtime-3.5.3.jar;C:\Users\User\.gradle\caches\modules-2\files-2.1\jakarta.activation\jakarta.activation-api\2.1.4\9e5c2a0d75dde71a0bedc4dbdbe47b78a5dc50f8\jakarta.activation-api-2.1.4.jar;C:\Users\User\.gradle\caches\modules-2\files-2.1\org.ow2.asm\asm\9.7.1\f0ed132a49244b042cd0e15702ab9f2ce3cc8436\asm-9.7.1.jar;C:\Users\User\.gradle\caches\modules-2\files-2.1\org.postgresql\postgresql\42.7.11\4c21cdd1b3938f400703716d37c4e8ca4d332808\postgresql-42.7.11.jar;C:\Users\User\.gradle\caches\modules-2\files-2.1\org.springframework.boot\spring-boot-netty\4.1.0\b570590821eda412d77a1f815007037c6652dc7e\spring-boot-netty-4.1.0.jar;C:\Users\User\.gradle\caches\modules-2\files-2.1\org.springframework.boot\spring-boot-http-codec\4.1.0\d354a7a7b476b687f3cb4ee5452efb3457b446cd\spring-boot-http-codec-4.1.0.jar;C:\Users\User\.gradle\caches\modules-2\files-2.1\com.fasterxml.jackson.datatype\jackson-datatype-jdk8\2.21.4\a1b9fe3b6e8d4418fe09a1ba9a8f6640137cfb5\jackson-datatype-jdk8-2.21.4.jar;C:\Users\User\.gradle\caches\modules-2\files-2.1\com.fasterxml.jackson.module\jackson-module-kotlin\2.21.4\fbd8c0e52415d27b2b024630d911c7ed3b9c27b8\jackson-module-kotlin-2.21.4.jar;C:\Users\User\.gradle\caches\modules-2\files-2.1\com.google.errorprone\error_prone_annotations\2.33.0\8da89b78563865aa950961ae898f8ea0fb4e1d64\error_prone_annotations-2.33.0.jar;C:\Users\User\.gradle\caches\modules-2\files-2.1\org.hdrhistogram\HdrHistogram\2.2.2\7959933ebcc0f05b2eaa5af0a0c8689fa257b15c\HdrHistogram-2.2.2.jar;C:\Users\User\.gradle\caches\modules-2\files-2.1\org.hibernate.models\hibernate-models\1.1.1\c890a4cc781fd8720e0e2613b4a24b33cdaa80a1\hibernate-models-1.1.1.jar;C:\Users\User\.gradle\caches\modules-2\files-2.1\net.bytebuddy\byte-buddy\1.18.10\5b34812ced047973a6d42654d50c3b69124ce587\byte-buddy-1.18.10.jar;C:\Users\User\.gradle\caches\modules-2\files-2.1\org.glassfish.jaxb\jaxb-runtime\4.0.9\500c199572538675d2819c938fbafe34935d8d6b\jaxb-runtime-4.0.9.jar;C:\Users\User\.gradle\caches\modules-2\files-2.1\jakarta.inject\jakarta.inject-api\2.0.1\4c28afe1991a941d7702fe1362c365f0a8641d1e\jakarta.inject-api-2.0.1.jar;C:\Users\User\.gradle\caches\modules-2\files-2.1\io.netty\netty-codec-native-quic\4.2.15.Final\e0c842516134e72f462d88637df30989f0e55a7b\netty-codec-native-quic-4.2.15.Final-linux-aarch_64.jar;C:\Users\User\.gradle\caches\modules-2\files-2.1\io.netty\netty-codec-native-quic\4.2.15.Final\85505bf360eb6b1bdea085dd812138c8657446e8\netty-codec-native-quic-4.2.15.Final-linux-x86_64.jar;C:\Users\User\.gradle\caches\modules-2\files-2.1\io.netty\netty-codec-native-quic\4.2.15.Final\7838c59515f0df3beea238f4a6112518a69708c4\netty-codec-native-quic-4.2.15.Final-osx-aarch_64.jar;C:\Users\User\.gradle\caches\modules-2\files-2.1\io.netty\netty-codec-native-quic\4.2.15.Final\65e70a2bc3f595b6310d44f1f5a06c9992bca44e\netty-codec-native-quic-4.2.15.Final-osx-x86_64.jar;C:\Users\User\.gradle\caches\modules-2\files-2.1\io.netty\netty-codec-native-quic\4.2.15.Final\73a7f8cc37fa82f1d1c6f97b58eae2a6d68e11fa\netty-codec-native-quic-4.2.15.Final-windows-x86_64.jar;C:\Users\User\.gradle\caches\modules-2\files-2.1\org.glassfish.jaxb\jaxb-core\4.0.9\3f32ec949d109d666fa30994223d1c25a47b105f\jaxb-core-4.0.9.jar;C:\Users\User\.gradle\caches\modules-2\files-2.1\org.eclipse.angus\angus-activation\2.0.3\7f80607ea5014fef0b1779e6c33d63a88a45a563\angus-activation-2.0.3.jar;C:\Users\User\.gradle\caches\modules-2\files-2.1\org.glassfish.jaxb\txw2\4.0.9\70325ebdebca3e7aae1dfa395fd41fc25d8a6f4e\txw2-4.0.9.jar;C:\Users\User\.gradle\caches\modules-2\files-2.1\com.sun.istack\istack-commons-runtime\4.1.2\18ec117c85f3ba0ac65409136afa8e42bc74e739\istack-commons-runtime-4.1.2.jar
Launcher Type: SUN_STANDARD

[Global flags]
     intx CICompilerCount                          = 3                                         {product} {ergonomic}
     uint ConcGCThreads                            = 2                                         {product} {ergonomic}
     uint G1ConcRefinementThreads                  = 6                                         {product} {ergonomic}
   size_t G1HeapRegionSize                         = 2097152                                   {product} {ergonomic}
    uintx GCDrainStackTargetSize                   = 64                                        {product} {ergonomic}
   size_t InitialHeapSize                          = 268435456                                 {product} {ergonomic}
     bool ManagementServer                         = true                                      {product} {command line}
   size_t MarkStackSize                            = 4194304                                   {product} {ergonomic}
   size_t MaxHeapSize                              = 4278190080                                {product} {ergonomic}
   size_t MaxNewSize                               = 2566914048                                {product} {ergonomic}
   size_t MinHeapDeltaBytes                        = 2097152                                   {product} {ergonomic}
   size_t MinHeapSize                              = 8388608                                   {product} {ergonomic}
    uintx NonNMethodCodeHeapSize                   = 4096                                   {pd product} {ergonomic}
    uintx NonProfiledCodeHeapSize                  = 0                                      {pd product} {ergonomic}
     bool ProfileInterpreter                       = false                                  {pd product} {command line}
    uintx ProfiledCodeHeapSize                     = 0                                      {pd product} {ergonomic}
   size_t SoftMaxHeapSize                          = 4278190080                             {manageable} {ergonomic}
     intx TieredStopAtLevel                        = 1                                         {product} {command line}
     bool UseCompressedOops                        = true                           {product lp64_product} {ergonomic}
     bool UseG1GC                                  = true                                      {product} {ergonomic}
     bool UseLargePagesIndividualAllocation        = false                                  {pd product} {ergonomic}

Logging:
Log output configuration:
 #0: stdout all=warning uptime,level,tags foldmultilines=false
 #1: stderr all=off uptime,level,tags foldmultilines=false

Environment Variables:
JAVA_HOME=C:\Program Files\Microsoft\jdk-17.0.16.8-hotspot\
PATH=C:\Program Files\Microsoft SDKs\Azure\CLI2\wbin;C:\Program Files\Microsoft\jdk-17.0.16.8-hotspot\bin;C:\app\User\product\21c\dbhomeXE\bin;C:\Program Files\Common Files\Oracle\Java\javapath;C:\Program Files (x86)\Common Files\Oracle\Java\java8path;C:\Program Files (x86)\Common Files\Oracle\Java\javapath;C:\WINDOWS\system32;C:\WINDOWS;C:\WINDOWS\System32\Wbem;C:\WINDOWS\System32\WindowsPowerShell\v1.0\;C:\WINDOWS\System32\OpenSSH\;C:\Program Files (x86)\Intel\Intel(R) Management Engine Components\DAL;C:\Program Files\Intel\Intel(R) Management Engine Components\DAL;C:\ProgramData\chocolatey\bin;C:\Program Files\Git\cmd;C:\Program Files\Oracle\SQL Developer\sqldeveloper\bin;C:\Program Files\Docker\Docker\resources\bin;C:\Program Files\Microsoft SQL Server\150\Tools\Binn\;C:\Program Files\Microsoft SQL Server\Client SDK\ODBC\170\Tools\Binn\;C:\Program Files\dotnet\;C:\Program Files\PuTTY\;C:\Program Files\nodejs\;C:\Users\User\AppData\Local\Android\Sdk\platform-tools;C:\Program Files (x86)\Microsoft SQL Server\160\Tools\Binn\;C:\Program Files\Microsoft SQL Server\160\Tools\Binn\;C:\Program Files\Microsoft SQL Server\160\DTS\Binn\;C:\Program Files\MySQL\MySQL Server 8.0\bin;C:\Program Files\OpenSSL-Win64\bin;C:\apache-maven-3.9.16-bin\apache-maven-3.9.16\bin;C:\Python313\python.exe;C:\Program Files\Amazon\AWSCLIV2\;C:\gradle-9.7.1-all\gradle-9.7.1\bin;C:\Program Files\MySQL\MySQL Shell 8.0\bin\;C:\Program Files\JetBrains\IntelliJ IDEA Community Edition 2024.1\bin;C:\Users\User\.dotnet\tools;C:\Users\User\AppData\Local\Programs\Microsoft VS Code\bin;C:\Users\User\AppData\Roaming\npm;C:\Program Files\OpenSSL-Win64\bin;C:\Users\User\AppData\Local\Programs\mongosh\;;C:\Users\User\.local\bin;C:\Users\User\AppData\Local\Programs\Ollama
USERNAME=gabriel
OS=Windows_NT
PROCESSOR_IDENTIFIER=Intel64 Family 6 Model 158 Stepping 10, GenuineIntel
TMP=C:\Users\User\AppData\Local\Temp
TEMP=C:\Users\User\AppData\Local\Temp




Periodic native trim disabled

---------------  S Y S T E M  ---------------

OS:
 Windows 11 , 64 bit Build 26100 (10.0.26100.9278)
OS uptime: 8 days 7:14 hours
Hyper-V role detected

CPU: total 6 (initial active 6) (6 cores per cpu, 1 threads per core) family 6 model 158 stepping 10 microcode 0xde, cx8, cmov, fxsr, mmx, 3dnowpref, sse, sse2, sse3, ssse3, sse4.1, sse4.2, popcnt, lzcnt, tsc, tscinvbit, avx, avx2, aes, erms, clmul, bmi1, bmi2, adx, fma, vzeroupper, clflush, clflushopt, hv, rdtscp, f16c
Processor Information for the first 6 processors :
  Max Mhz: 2904, Current Mhz: 2904, Mhz Limit: 2904

Memory: 4k page, system-wide physical 16319M (874M free)
TotalPageFile size 27612M (AvailPageFile size 2M)
current process WorkingSet (physical memory assigned to process): 410M, peak: 410M
current process commit charge ("private bytes"): 446M, peak: 446M

vm_info: OpenJDK 64-Bit Server VM (21.0.7+6-LTS) for windows-amd64 JRE (21.0.7+6-LTS), built on 2025-04-09T22:17:25Z by "MicrosoftCorporation" with unknown MS VC++:1939

END.
